anzahl_personen_1000,vee,anzahl_kfz_je_person,unfaelle_je_10k_kfz,elektro,pih,euro2,euro3,euro4,euro6,euro6dt
88.0,19384.0,0.5063181818181818,83.2,0.3231887961217344,0.2625908968489092,5.435856001436394,7.249304246341683,26.5261693150193,24.84064996857887,7.2784810126582276
241.0,20216.0,0.4610622406639004,97.3,0.3167860614132978,0.2402894272652003,6.396018575182692,7.505669750530977,27.0690089636056,23.94344648835451,7.1483854710392745
210.0,21164.0,0.4746047619047619,117.4,0.3110357490443176,0.1876247905525399,6.501650496152187,7.6083357580743876,27.949070404446807,23.30962103805673,6.444460051973071
78.0,20133.0,0.5437948717948718,87.3,0.1673896642776311,0.1390984534138061,6.605997736703132,8.572236891738966,28.61420218785364,22.37599019238024,6.820539419087137
322.0,21138.0,0.5950590062111801,84.4,0.2004081227917268,0.1659629766868988,6.1557651258552575,8.647819256924258,26.21119049731485,23.81255577765136,6.805525836469059
102.0,19975.0,0.7000392156862745,62.0,0.1414486583384684,0.1134390230239202,5.398857206879167,7.779676208615764,26.2156181726514,23.560304744832223,6.162119769200605
130.0,20786.0,0.6630461538461538,64.8,0.1461784769594876,0.2065061023713397,5.8599006914474,7.989929927142791,26.395656410970343,24.406004919021765,5.9225486101443225
192.0,22117.0,0.69575,62.7,0.1504671218109953,0.1130374895197029,5.419062163133309,7.857228410588095,27.16717570966583,23.221343873517785,6.76353455503653
140.0,23319.0,0.7002714285714285,70.7,0.2111426181684653,0.1387217201493298,5.847732511883148,7.987719047716192,25.91546135172076,24.620045288561577,6.100695648626043
86.0,22933.0,0.7160581395348837,61.5,0.1380295870479531,0.0828177522287718,5.552037154317079,7.070362611844562,26.37339439112713,24.35329078774297,5.657589191471395
131.0,24015.0,0.6253282442748092,61.2,0.2954173685881003,0.1074244976684001,7.193779144998658,8.98703581630411,28.78488244341903,21.12722478576137,4.378769012915354
195.0,24577.0,0.603051282051282,57.1,0.2721204132828776,0.1666737531357625,6.18818827331094,7.4076278753348355,26.971384837790723,23.59794208937455,5.248522471193503
166.0,27412.0,0.622132530120482,83.2,0.5364370509518369,0.2227085229583438,7.138292309777873,8.747603462633382,26.994209578403083,22.058795050061004,4.8889362278986
198.0,24767.0,0.6390606060606061,74.9,0.2125910822387658,0.1327706387216084,6.558711492563265,7.694374634485593,26.97298749743152,23.146348017133736,5.272891080658163
312.0,25576.0,0.5681282051282052,72.1,0.2702306268899219,0.2014036196235952,5.761723157467166,7.251094462246694,26.0115313444961,24.872500789818115,6.722480480209415
126.0,24390.0,0.6363888888888889,55.7,0.2618943692710607,0.1172289081499033,6.847914198416162,8.119972563447028,27.588701128640015,22.66508698634408,4.8587641080002495
269.0,24968.0,0.646007434944238,60.4,0.2681613111131571,0.1404106435871466,6.4186078629960415,8.121374643218857,27.00718165914741,22.75342970260565,5.373008931037657
197.0,23782.0,0.6493654822335025,56.8,0.2735978112175102,0.1313269493844049,7.043971076802815,9.208520617549343,28.136017197576702,21.045143638850888,4.565174907172171
272.0,24417.0,0.6169154411764706,64.1,0.3009517225761467,0.1966615216834226,5.842635026012956,7.486844536087389,26.32165481731337,24.434300153157608,6.267543101650169
130.0,23128.0,0.626423076923077,53.3,0.2075274759010253,0.1117455639467059,6.642107202062995,8.431264198440475,27.979370049732918,22.42033523669184,4.850494259225148
240.0,26692.0,0.6329833333333333,69.4,0.3199136364833198,0.1987940704073303,5.678796176834567,6.714236815082018,25.055293714947734,25.94920877326944,6.915005661023196
3604.0,21502.0,0.3389103773584905,116.4,0.4000219414409141,0.2896597684850499,6.767788327317176,7.618019162737538,26.433541585989573,25.386329008631662,7.065389587476349
70.0,19546.0,0.4925142857142857,83.7,0.1537301311056967,0.1479289940828402,6.250725142127857,7.674904281239122,28.11811114978536,23.10882933054879,6.192713771899292
95.0,20040.0,0.5136421052631579,72.0,0.1229608984342979,0.1004180670546766,6.348881055824247,7.473973276498073,28.47979342569063,23.100254119190097,5.637757193212559
57.0,19000.0,0.4937719298245614,58.3,0.12435601350151,0.14212115828744,5.866050808314087,7.074080653757328,27.26594421744537,24.93871025048854,5.993959850772783
176.0,21918.0,0.4302784090909091,100.1,0.3380475115213459,0.2654201164679317,5.278030873245388,6.374044289506002,25.823660684810317,25.82101968862655,6.838859617847852
179.0,22153.0,0.5894916201117318,85.1,0.1904870212947431,0.1516314597371089,6.705901306873644,7.871568153602669,27.80257583942228,22.805371544461188,5.183900529762413
167.0,22779.0,0.6202934131736527,79.2,0.2007935205475484,0.1756943304791049,6.837598586722528,7.854115784494492,27.12160557588161,23.48125766249312,5.43300929635386
102.0,20208.0,0.6190098039215687,47.7,0.1409588368520249,0.0728551291594735,8.448027368187649,8.996024644039343,29.75340122586674,19.525174614738912,4.045043475506422
160.0,22044.0,0.5865875,64.3,0.1992456368401986,0.1374475248790675,6.366271016685491,7.838770856862787,27.91250239734055,23.18707780169199,5.24964306262919
186.0,21931.0,0.6281935483870967,59.1,0.1386464003286433,0.146348978124679,6.839033240902399,8.054328848721372,27.69333470268049,22.533463421313886,5.06744034781418
208.0,22817.0,0.5893028846153846,74.6,0.2055884152559657,0.1435855598613094,6.558433612074241,7.729145421170712,27.761778502957373,22.799102590250868,4.757087497450541
110.0,20858.0,0.5972727272727273,62.0,0.0684931506849315,0.0791476407914764,6.955859969558599,7.925418569254186,27.92998477929985,22.27853881278539,4.972602739726027
174.0,21886.0,0.614367816091954,55.5,0.1309635173058933,0.1113189897100093,6.373246024321796,7.775491113189897,27.548175865294667,23.543498596819457,4.909260991580917
98.0,20379.0,0.5942551020408163,70.5,0.1305012277418136,0.1030272850593265,6.866768549204114,8.585607088277213,30.250528014835933,19.79154145989663,4.528049178357402
214.0,24316.0,0.5994065420560748,73.8,0.2650596774067808,0.1902192979036897,5.786876427619219,7.165966337420969,26.60887326249484,24.22645451497977,5.571710336547832
75.0,20609.0,0.6075066666666666,60.2,0.0943748216754822,0.0724271887276957,7.398547066698856,8.287426201084214,30.0902047714154,19.557535719772623,4.644119131751641
112.0,21348.0,0.6308660714285714,57.5,0.1358676422718202,0.086332564360219,7.505271947577735,8.203008902161145,29.923432922428063,19.993772733062546,4.172268848097145
167.0,21693.0,0.6155868263473054,71.4,0.1819013063821094,0.1799558378646537,6.648638658404911,7.444335282044298,27.345505481357545,23.094656770716806,5.185646333278212
119.0,19779.0,0.5747478991596638,61.7,0.13305066159807,0.0877257109437824,6.6642298413626735,8.25791359017472,29.879377147452303,20.6857226405439,4.627531252284524
207.0,20129.0,0.4121787439613527,76.2,0.1640862155858463,0.1300969280716353,4.506510706625567,6.217695526306537,26.599547590862745,25.34194395283693,7.019373893883101
94.0,20710.0,0.4698191489361702,81.8,0.1562393859112832,0.1471820302062812,4.56717161424722,6.670742476733918,26.99771301768449,24.62015714512148,7.48816882911034
251.0,20497.0,0.5742430278884462,56.3,0.0894994276199396,0.0846428695320359,5.778610330592847,7.921740035383494,29.08592638845527,22.00922746036702,4.908592638845527
209.0,21911.0,0.6013205741626795,59.5,0.1336770743817435,0.137655558738343,4.989815080047105,7.043508704923772,27.029027021865748,24.163722588242784,5.562716827397435
223.0,20951.0,0.5506457399103138,70.8,0.1254132938091437,0.1034252487906575,5.1142563968923564,7.222665602553871,27.403619069335637,23.761747316644136,5.290160757040247
155.0,21164.0,0.5817290322580645,64.8,0.1341939490728418,0.0931594357199893,5.284579895306539,7.207656818383462,27.47870641469257,23.170082512643067,5.165912518853695
233.0,19667.0,0.5364377682403434,74.3,0.0936074885990879,0.0800064005120409,5.924473957916633,7.787022961836946,29.1415313225058,22.023361868949515,4.681974557964637
210.0,21663.0,0.6081714285714286,59.7,0.0822136615615897,0.0712518400200444,5.606188731247455,8.093739233925271,29.601616085690125,21.21817156816687,4.057439944877697
244.0,20918.0,0.516483606557377,82.9,0.1888559140467537,0.1317230324863912,4.419069686245259,6.06164003110568,25.194013743632063,26.714383202932822,7.924806779768612
331.0,20972.0,0.6114803625377644,53.3,0.0825098814229249,0.0958498023715415,4.57806324110672,6.169466403162056,26.57213438735178,25.525691699604742,5.788043478260869
298.0,21232.0,0.6028557046979865,59.2,0.0996376307396006,0.0818253168643648,5.326438483504128,7.069818704042839,28.616038875375036,23.006829909101537,5.183383337693639
223.0,21060.0,0.6155964125560538,57.3,0.1034397354273809,0.0866854120835093,4.873322746543511,6.193272046504174,26.229257419251446,25.74556738880228,6.269030725972115
313.0,21691.0,0.5937124600638978,56.2,0.1436781609195402,0.1113909337466098,4.602544233501227,6.008114856429463,26.591222179172583,25.80771879977614,6.20560506263722
545.0,21075.0,0.4191174311926605,102.5,0.2753711381277389,0.1843104120060065,5.241683047382223,6.510841917703869,25.9291039712108,25.810900144033557,7.589123496731882
295.0,21431.0,0.6131084745762712,61.4,0.1144487385758596,0.0950975025847722,6.307397148180708,7.691286967771899,29.39121011572039,21.78175123156795,5.350340305307215
245.0,20038.0,0.5855755102040816,61.7,0.096887067319086,0.0801583650481647,7.180795449792983,8.078569138332426,31.04080409295582,20.319099995817822,4.7516484742029474
236.0,22159.0,0.5837923728813559,62.4,0.1342769007439666,0.0892759934676102,6.719651605879151,7.687896933405916,28.59880239520958,22.62964979132644,5.251315550716748
242.0,21770.0,0.5898842975206612,59.8,0.1337984756780991,0.1134835238735709,6.069967496077113,7.509527011880744,28.61956399910334,22.554500112082494,5.2769838601210495
583.0,19963.0,0.3946380789022298,91.4,0.3229395759625164,0.1634256804332519,5.358276032928536,6.856924293922825,26.60491841755261,25.285342976607527,7.594513069708007
256.0,22645.0,0.597109375,56.1,0.1635483448907497,0.1341096428104147,5.599241135679707,7.075755593353396,27.963496009420385,24.259453094334685,5.217846395394479
194.0,21916.0,0.5952938144329897,62.9,0.087455730948072,0.0978465108626945,5.94179431451159,7.180894819330315,28.25339648618459,23.15671893806229,5.474209218353581
81.0,20858.0,0.5198518518518519,61.1,0.1614895031822931,0.1068680535765175,5.526265792723473,6.88942718723283,26.410658307210035,25.294480858744183,6.141350812197207
235.0,18832.0,0.4009744680851064,94.3,0.1029407082745227,0.1432679960521707,4.828662089165755,6.449182311178088,26.71258317503104,26.188328433921612,6.70281972641119
233.0,19810.0,0.4782618025751073,91.4,0.2378067931978283,0.1714003679274913,4.817157984475254,6.4127069592138914,26.469242159106205,24.860232422488444,6.776147529950196
82.0,21108.0,0.6203536585365854,60.3,0.1120525270793607,0.0845308537616229,6.978710019854921,7.664786018989956,28.48689771766695,21.45314435117655,3.9985059663056086
156.0,20659.0,0.5951217948717948,70.9,0.0894020831762513,0.0732450801925914,5.680802249054815,7.025064897295318,27.55199862126908,24.510173526212046,5.18316655715809
170.0,21671.0,0.6230117647058824,54.7,0.1180225092529647,0.0981947276984666,5.421481985044188,6.744278268751416,27.81554498073873,24.01238764257119,4.761500113301609
176.0,20571.0,0.5804204545454545,69.9,0.1027859897801358,0.1213853593593985,5.330187755741331,6.97182684965836,27.91373808171976,24.021575268711945,5.534780821113221
208.0,20892.0,0.5915480769230769,59.6,0.0828985224557468,0.110531363274329,5.147022967767104,6.737536776060208,26.768095447083116,24.99227905918304,5.766323694348271
88.0,21673.0,0.6207840909090909,56.2,0.1006791264712881,0.07688224203262,6.031594940416262,7.655274670962308,27.897270680407843,22.55029379999634,4.669680938695564
130.0,19958.0,0.6138307692307692,56.2,0.0889746610190731,0.0664177047043785,5.392365723451715,6.527732524624677,26.12346174089576,25.723702348429786,5.718188425775082
183.0,21637.0,0.6251584699453552,62.1,0.1057655326736827,0.1249956295234432,5.005943848117199,6.443830635292472,25.97898674871508,26.349603160728645,6.142267752875774
184.0,19914.0,0.5729239130434782,53.4,0.0569162761577719,0.0597620899656605,5.638505758029938,7.0433891745242745,27.883283689692465,24.35732038171849,4.979225559202413
108.0,20050.0,0.5898055555555556,45.4,0.0863435846716589,0.0722146344526601,6.984411058258372,8.245027394464591,29.184131619020707,20.68478312061414,4.347007017378609
124.0,21227.0,0.607741935483871,61.4,0.0902335456475584,0.0849256900212314,6.532643312101912,7.875530785562633,27.72160297239915,23.281581740976645,4.775743099787686
211.0,20415.0,0.4611943127962085,67.5,0.2671818480762907,0.2342979283130549,4.568809602104571,5.922188424860243,25.021580072344623,27.43854817494245,7.9003617231173955
92.0,20362.0,0.4978152173913043,66.4,0.1026223279984279,0.1048057817856285,4.676958012183672,6.235944016244896,25.236358872464464,26.618485119762443,7.137710430358742
111.0,20516.0,0.4071081081081081,71.8,0.2257186483436234,0.2058022970191861,4.481179047998406,5.981544181106021,23.892982805550023,27.75675496249087,8.216601385292881
36.0,22736.0,0.5655277777777777,50.1,0.0736774890711724,0.1031484846996414,3.1730438626651605,4.710447467950292,20.516724790019158,31.047693894592072,8.35011542806621
96.0,21273.0,0.6263333333333333,49.9,0.1047764768493879,0.1263970196913251,4.457158062799362,5.985564129856306,26.834419904204367,25.10643959552954,5.014302820649282
83.0,19955.0,0.5682168674698795,62.8,0.1505449302404478,0.1102582587676519,5.286035367456851,6.69394851787456,28.11797633688139,23.538017895763534,5.769475425130401
121.0,21390.0,0.6109173553719008,51.5,0.1231043952327484,0.090637301984551,4.5738017613398085,6.220153948133818,26.107601358206733,25.60706700396369,5.399007048064826
100.0,19996.0,0.56778,51.8,0.1215259431469935,0.1549896086512381,4.924442565782521,6.5624009299376524,28.07249286695551,24.26291873613019,5.239705519743563
75.0,19528.0,0.5918666666666667,47.2,0.0743410678080648,0.0608245100247803,6.028384771344897,6.82135616129759,27.578283397161524,23.33633701284073,5.0439288127956745
122.0,21629.0,0.6240983606557376,48.7,0.1339637509850275,0.0958760178618334,4.418177042290517,6.216180719726819,24.82663514578408,26.75728920409772,6.14394536380352
134.0,20603.0,0.5680820895522388,56.8,0.2561643655662546,0.1090340632923032,4.601762936300461,6.025774076166205,25.7044520053072,26.17999816087122,6.2175689344876055
69.0,20486.0,0.5852028985507246,45.6,0.106490997795884,0.1040144629634215,4.962975804254687,6.478615121721687,27.031377696327297,24.12392580301642,5.648975952846777
63.0,21539.0,0.6241269841269841,50.8,0.0762970498474059,0.0559511698880976,4.270091556459817,5.516276703967447,25.546795523906408,25.836724313326556,6.302136317395727
103.0,20366.0,0.5709417475728156,51.1,0.2907817096604145,0.1003281922220143,4.873569473021919,5.791827503528491,24.830377336031425,26.498546091451697,6.38359378985495
79.0,20988.0,0.6120632911392405,64.5,0.1530411763489338,0.1323599363017806,4.762889582859389,6.245734494240274,25.262134717597668,26.6705271648088,5.718362873037868
56.0,21523.0,0.6242321428571429,54.3,0.1201476099207597,0.1029836656463655,4.087879394684898,5.174929198729869,23.380152759104043,28.83256572360328,7.183110678833995
101.0,21061.0,0.5974851485148515,47.4,0.0961124183872999,0.1027408610346998,4.817220693997945,6.016968813177344,25.461505319325223,26.364630630033474,6.217479203261194
81.0,21300.0,0.6107283950617284,73.7,0.1192666114132082,0.1698033111645677,4.740342436677516,6.553599223756292,26.481230669712343,25.89500495259657,5.645960096221876
78.0,20725.0,0.6470641025641025,71.7,0.0951041191971627,0.0832161042975173,4.741336609141884,6.469061441223673,26.399318420479084,25.050028729369338,5.440748152404352
95.0,21454.0,0.6346947368421053,45.0,0.0779487859891203,0.0829242404139578,4.812922913626111,6.320485604351863,26.4959532970678,25.489253018442355,6.05346955021892
90.0,20952.0,0.5713222222222222,47.8,0.1089091580933118,0.0661234174137964,5.165405783854218,6.577335226278223,28.267760944397985,24.203115579844024,6.5326046792041845
1827.0,25340.0,0.4401729611384783,103.5,0.4221607667782481,0.3111181851190506,5.445936065337306,6.38986018333839,22.96417788698277,25.881004133320733,12.678501260886648
244.0,23306.0,0.5853073770491803,76.9,0.5587648356265098,0.5426600847249938,5.072996533977523,5.054791163393201,21.35910093477576,26.917340615481567,12.738857963099116
103.0,20388.0,0.5416796116504854,73.0,0.1308407864785905,0.1308407864785905,6.547416342551933,7.561880522646209,29.066370333195923,22.414998297277435,5.081282598175398
122.0,25296.0,1.15172131147541,33.8,1.461817664223187,0.4433848124688634,2.394135648708277,1.951462529357341,9.504661589922424,15.919863354921358,55.32275282898015
175.0,24564.0,0.6141428571428571,57.2,0.1637590137241218,0.141428239125378,6.408001860897883,6.173528727611073,24.654105605954875,26.096301465457085,5.841358455454757
133.0,21889.0,0.6032932330827068,63.1,0.1395847354121488,0.1271218126074927,5.749146289787881,6.641491562601261,25.83937785089359,25.6000897330442,6.012113960966126
87.0,24035.0,0.639896551724138,60.0,0.2514774299006664,0.1904043397819331,6.65876309029836,6.136049289576261,23.96400280217708,26.76079107614377,5.728296599665894
130.0,23006.0,0.6723230769230769,50.3,0.1796297567561383,0.0880986705109723,6.8041921237500285,7.236676506258438,27.219056772156243,23.033797853596027,6.212672478890643
130.0,23076.0,0.6473769230769231,52.5,0.1996221437992371,0.1699164676386364,7.227985123397379,7.345619600993358,28.77529438325075,22.043988165258614,4.922824653334759
118.0,23319.0,0.6328474576271187,54.4,0.2182762868927098,0.1191815308800685,6.352777331405004,6.607209813059082,26.155659114039317,24.3920402806792,5.392629492741978
321.0,21673.0,0.5711464174454829,65.2,0.2105400953430276,0.1450872159617755,6.570923649216202,7.060183922591061,26.76204605700946,23.99993454712062,5.783852774656645
1139.0,22325.0,0.5134082528533802,80.8,0.2623244614995246,0.1913566313024563,6.523397153078466,6.973658109485406,26.45013783149672,25.00906336144685,6.993494900576636
213.0,24495.0,0.6597230046948357,64.5,0.2113563097330648,0.1280947331715544,6.206189822161813,7.672162879569602,28.435607489272066,22.39949900726582,5.165775933846187
147.0,22691.0,0.6259523809523809,61.0,0.2151823072325164,0.1554094441123729,7.399880454273759,7.958485029614737,28.06281584524262,21.598652393631472,4.923110362440906
271.0,22177.0,0.5937970479704797,61.7,0.2088007009737818,0.1367147446852143,6.362828503781405,6.931437555540365,27.58282117089965,23.93067319583144,5.570504415264823
69.0,22013.0,0.6500434782608696,51.6,0.1404588321851381,0.1003277372750986,7.274875705081042,7.669498138363097,26.98370231645597,23.033018973089877,5.631730319042204
116.0,22123.0,0.6659310344827586,52.6,0.3106876553438277,0.1294531897265948,7.77107497928749,8.476594863297432,29.5696975973488,20.16880695940348,4.242181027340513
153.0,22827.0,0.6608954248366014,66.2,0.2175697459378739,0.121641267047084,7.5289021628410655,7.96206374793556,28.268243717673585,21.769830987865543,4.864661728492736
173.0,21812.0,0.6324450867052023,55.1,0.1846215714768811,0.1599444307349218,7.00830797071646,7.801632347161671,27.31485289682213,22.518347911125737,5.594399203019751
195.0,22819.0,0.6425333333333333,52.3,0.1612208086580363,0.1061503344134595,6.446437977876035,8.035500502817374,28.29425191948537,22.42565485976982,4.681788433604163
251.0,26483.0,0.6612669322709164,54.6,0.2602754581932545,0.1765294195616286,5.653158852378026,6.818976008868645,24.80931207750425,25.38709949511381,6.328549566810058
,21792.0,,55.3,0.1655091841370805,0.1168300123320568,9.27500486791718,10.294022197702343,29.992860388135263,18.004803011618094,3.943012916206919
179.0,22041.0,0.5800223463687151,75.6,0.3033980582524271,0.1810756665125597,6.062182154415164,7.441439358915088,26.25308213900447,24.15048543689321,5.950454615503159
112.0,24082.0,0.6461696428571428,60.9,0.2777355570601484,0.1492310455845573,6.394826657086402,7.784886211327742,28.65097898329441,22.64304762957538,4.778156996587031
162.0,23845.0,0.6945123456790123,64.2,0.1830932086640417,0.1199882678138137,6.724675809476406,7.533485614739892,27.43909484405969,23.097297153167247,5.816320182026646
135.0,21926.0,0.6506814814814815,81.0,0.1639306937455886,0.1377473190501127,7.078618428542155,8.17490494296578,28.2996744154277,20.90230186015801,4.654948657817445
202.0,24033.0,0.6202623762376238,54.7,0.2362462388162148,0.1396726074082351,5.883010224034862,7.066635805671506,26.772445388010503,23.70443680014047,6.203858156481208
,22382.0,,56.5,0.1854370132278402,0.1483496105822722,6.935344294721227,7.599385408756159,27.510022429048263,22.840541829291983,5.976370026314395
135.0,24672.0,0.6403629629629629,69.9,0.1862369720875892,0.1272426517368622,5.765248875059283,6.930097514141285,27.814086918298653,23.01472544506009,5.813832432995176
77.0,19755.0,0.5500129870129871,71.8,0.1652853533564733,0.1204221860168591,6.365847323557886,8.13440060447215,29.3712072914453,22.516587565818988,5.813321999480531
,19340.0,,70.8,0.1462641693414049,0.1543899565270385,5.63117051964409,6.931296469345467,27.778003494088487,25.315889976841504,6.22841587778816
166.0,21000.0,0.5342650602409639,99.2,0.2976727403932888,0.1961933970773949,5.959092549161104,6.857748511636299,25.440871369294605,25.133050694569725,6.876916832040411
161.0,21795.0,0.5290807453416149,102.7,0.3557089525956187,0.3075767180859806,6.0177032706440325,6.854734568336034,25.99962433377944,26.34007184616468,7.707027306238406
73.0,19076.0,0.5533698630136986,101.3,0.1039706901673433,0.0940687196752153,6.433805327260125,8.510743637983959,28.178532527973065,23.103772650757502,5.735716407565105
123.0,23520.0,0.6495934959349593,68.3,0.1914893617021276,0.1163954943679599,5.966207759699625,7.438047559449313,26.86357947434293,23.826032540675847,5.072590738423028
188.0,21539.0,0.6207180851063829,68.3,0.2065212734050302,0.1259694074296242,6.7243669394575605,7.847808389391147,28.74416213205365,22.3102960709542,4.687433051973092
170.0,22731.0,0.5919764705882353,68.2,0.1351405063794268,0.1043364203664692,5.923327636233554,8.32505266505028,29.120791764378552,20.704320521483368,3.773997376684288
320.0,23224.0,0.627296875,63.2,0.1434727376889929,0.1230477993374349,4.764490497421974,6.868259147632451,27.034149500585347,24.059082870451093,4.996139188482327
,22286.0,,64.0,0.1886648915937618,0.0791175351844808,6.96538607835679,8.205401293267402,27.55572461011792,22.632179535945227,4.806390262457208
134.0,21955.0,0.6295746268656717,75.8,0.4314687718549601,0.1623934663300262,4.928700970804736,7.451133790879888,26.57681685098917,24.159880516340102,4.749712551711059
,20824.0,,61.2,0.1677087877465949,0.1541369783335756,6.877999127526538,8.779991275265377,30.040230720760015,20.852115748145994,4.016286171295623
131.0,24562.0,0.637030534351145,58.9,0.2109022060850079,0.1198307989119363,6.020299337335682,7.495416471941619,27.6317839211034,23.27114114869804,5.066446177996669
352.0,23721.0,0.6537357954545454,59.4,0.1816483062816418,0.1481867761771288,6.42331008408839,7.28374942963301,28.880777002802947,22.771657649436158,5.022271472959173
140.0,24081.0,0.6255071428571428,58.7,0.1621541377853399,0.1575864155942035,5.515524545797124,7.14734329858058,27.863105365931645,23.39130534080917,4.732160190017243
89.0,22779.0,0.6007977528089887,61.6,0.1664453629069963,0.1047296665482224,6.422172766546352,8.72248508537338,28.57249724149539,22.01193170129603,4.510856352041293
,22230.0,,62.6,0.1166763896991416,0.0944523154707336,7.2117120871183715,8.4118120954524,29.23021362891352,20.935077923160264,4.3086923910325865
,22588.0,,111.2,0.2666951141455088,0.2137663914920155,6.170914641151466,7.679998687039438,26.834041784969887,24.193760154929347,7.340680441811228
,18640.0,,119.2,0.200696535033351,0.1416681423764831,5.837908033764241,7.884225645868996,29.006552151584916,23.72547862188379,6.085827282923086
611.0,26736.0,0.5143911620294599,86.8,0.3639915620137897,0.4556258014018766,5.260378054872365,6.052950590690853,21.279506702344623,30.89251112815112,11.234739558310238
493.0,17797.0,0.4721703853955375,74.2,0.1194260675315748,0.1323137726608815,6.411203711659078,8.721539651172781,30.02792336111349,22.62694389552367,6.149583297534153
574.0,21061.0,0.5087857142857143,65.2,0.2390058998161229,0.3739175395404101,5.816266782631325,6.959933982324521,25.928031146098345,26.889875805960084,8.5257992829823
221.0,21983.0,0.5407737556561086,73.0,0.1815732443038716,0.2317778279823614,6.121612236530528,7.503911773811615,27.79995146890245,24.673879391855145,7.032825430295119
257.0,21422.0,0.541420233463035,71.1,0.2314132739228862,0.2019476086097236,6.217255381077293,8.031909159509864,27.862301915268244,23.81760034496389,6.67289518128571
168.0,23762.0,0.5623035714285715,51.5,0.285814093810537,0.2275927043306128,6.185228704203585,7.101950945832937,26.113881037822733,25.58036139604306,7.501032106449871
209.0,19304.0,0.5350047846889953,63.6,0.1207340631036703,0.1341489590040781,6.240609572869714,7.65722257995278,28.51738570508693,24.2729126421979,6.571510338413107
109.0,22649.0,0.570605504587156,49.6,0.209016657019744,0.2122322978969708,5.161103607949064,6.236735481381439,25.178468068686087,27.80564666538041,7.735224130169143
154.0,23761.0,0.6213311688311688,50.7,0.2748602184250405,0.2027486021842504,6.104405079166013,6.957203323404923,25.90270157286931,23.249203114385743,11.688352406333282
350.0,21304.0,0.4979228571428571,58.6,0.307563420610192,0.2851847388866892,5.907971975004734,7.02288937471668,26.81310357886764,25.53522347122044,7.697118888181187
304.0,21973.0,0.6378059210526316,61.6,0.1732914545651467,0.1614292419014611,6.087378089977462,8.595978194158633,28.119117245078478,22.29734956909223,5.066712052523815
480.0,25973.0,0.6188625,67.4,0.2716677775757943,0.2565190167444303,5.5797935728857375,6.459431618493607,25.16747796696897,27.402761787419124,7.910009627879106
447.0,25721.0,0.6148098434004474,61.2,0.2696310312204352,0.2055891128738811,5.197219998544502,6.526089804235499,25.04803143875992,26.451495524343205,7.512553671494068
291.0,24163.0,0.6498041237113402,53.6,0.2374492974356533,0.1422580423389549,6.1229130639420815,7.590973753655608,27.40133161989074,23.93848529559529,5.658062434886537
453.0,23005.0,0.6338123620309051,58.0,0.1870317675372757,0.1706621342518903,5.822713388618577,7.470821999393975,27.83952186739204,24.21695685034324,6.294298143265638
325.0,23661.0,0.5392276923076923,57.4,0.2796021660608619,0.3435112325890589,5.408304754948673,6.215727336532591,22.49542080125992,30.64782110026305,9.852267345320088
1065.0,23316.0,0.4608582159624413,107.1,0.3151906832323446,0.3316938799626742,5.425069374549219,6.788518664911759,24.553700587187816,26.039803265595523,12.0886934765512
161.0,22549.0,0.5665031055900621,70.9,0.2039317157674301,0.2565592553203153,5.681581457563564,6.899689716798053,26.309384148146524,25.55944170951791,9.207626607606873
547.0,21151.0,0.5379012797074955,74.8,0.3357894450637592,0.2202343728758259,5.544264390005166,7.061434514260856,25.52271676772071,25.989355338644337,7.716699747138313
257.0,22081.0,0.6315136186770428,75.4,0.2304388813239761,0.159582006050561,5.836141935563374,7.536706942125336,26.92622875063925,24.331634822149244,6.6494556343538775
466.0,23461.0,0.6023369098712447,52.5,0.2027154608837539,0.166732575911418,5.4398284222039335,7.271036627726772,26.42853834671113,25.540010474225923,7.549636786621493
188.0,22607.0,0.6936117021276595,52.9,0.2584375647052508,0.1165653110836739,5.529950383055085,7.418768548838564,26.055414535387538,22.49097002277625,9.566024279327296
252.0,21599.0,0.6398055555555555,56.8,0.1916504890498725,0.1333490457790375,5.992023866378053,8.035055293336889,27.18583895156639,24.158505498322285,5.967214741581954
267.0,23617.0,0.665430711610487,55.2,0.2161310294365959,0.178983508752181,5.4376090504868575,7.0360781223616815,27.31074463893736,24.38453312320594,6.403444588281645
283.0,26935.0,0.6385300353356891,54.3,0.3198601027094032,0.2357446431733664,5.754161501682309,6.735877457056845,25.289976978926862,25.791902780237297,7.446431733663893
589.0,24674.0,0.6233123938879457,51.4,0.2549498680307574,0.1800447251798404,5.92785681405275,7.377747997308863,26.929896957761677,24.416080363684895,6.575037248284672
117.0,21262.0,0.5886068376068376,57.3,0.1669885431338667,0.1437553545239374,5.970929472751826,7.247302772009815,27.114583182075595,24.008596279785674,6.695514542523997
258.0,17001.0,0.4768527131782946,78.4,0.1739441427967617,0.1715056735052183,6.689534089800696,8.241213382319472,28.84790454205547,22.72734662028156,6.809019085086322
309.0,23620.0,0.4768025889967637,94.8,0.5076969022344093,0.2701381912958488,5.996660603263377,6.889202617218255,24.85271359921809,25.80430592132055,7.8835555072896595
363.0,23958.0,0.6207162534435262,63.9,0.2227942481803657,0.1495650630214805,5.031954553523877,7.27010473992544,27.475590271613704,23.72314929877508,5.331084679566838
217.0,24894.0,0.646594470046083,58.5,0.2544347912850739,0.1275737468908353,5.49707435625147,7.511171611634156,27.334278851978816,23.13147222954722,5.450035991476078
605.0,21222.0,0.586606611570248,58.3,0.1628641549520001,0.146521385077924,6.137837175293114,7.414263856837336,28.066453083570725,23.881858680124093,6.461874853830831
445.0,23568.0,0.6151797752808988,65.9,0.2257493013826231,0.1326003178024145,5.544738908878377,7.404796259429052,28.605504922284524,22.912458219941183,5.126481708096656
276.0,24320.0,0.6252898550724638,65.6,0.2109166763240236,0.1442809131996755,6.245799049716074,7.55475721404566,28.508517788851545,22.12597056437594,5.57886197705412
333.0,22271.0,0.5176066066066066,86.3,0.6097596351885265,0.205960676015154,6.135307461578181,7.083886913084594,26.646089938095763,25.18986093303087,7.255037333998596
357.0,25949.0,0.6419663865546219,67.8,0.2818720492883385,0.1688614289080294,6.447277709418716,7.369688719009345,27.86562644535784,23.281933136110165,5.82331945789809
243.0,23636.0,0.66819341563786,59.2,0.2580510066452753,0.163822357440676,6.278214705828011,7.40033626694422,27.271495525678844,24.47974084042101,6.17967494195392
139.0,23146.0,0.6426043165467626,52.0,0.1992790130091131,0.0918026913862206,6.046662636304606,7.128143122634961,27.68075054297933,23.151071404581177,5.52607420344372
343.0,23185.0,0.6310495626822158,49.7,0.2416262416262416,0.1690921690921691,7.162393162393163,7.839223839223839,27.56202356202356,23.229845229845232,5.253869253869254
304.0,23511.0,0.6654703947368421,55.0,0.2422109410142212,0.1566956495949145,7.015219744640465,7.919803463122148,28.61351537050859,22.349149543012214,5.685531109276679
305.0,22648.0,0.5984262295081967,65.2,0.3473591935130397,0.2032653955730878,5.625684856454087,7.053473591935131,27.48849441157133,24.01599824676748,5.962086346701731
358.0,20794.0,0.567963687150838,57.5,0.2837737482233403,0.2296747667596185,5.685802951837152,6.434336131726101,25.13192774343312,23.763223512400963,14.22458946250203
582.0,20074.0,0.5002920962199313,68.4,0.2562077137067692,0.2582683655596387,5.939485523920734,7.229797025792492,27.104097262767457,25.151629632173645,7.748394408764639
187.0,19977.0,0.5278074866310161,64.2,0.2249240121580547,0.1833839918946302,6.176291793313069,7.433637284701114,28.16818642350557,24.149949341438703,6.556231003039514
176.0,19245.0,0.5534659090909091,76.3,0.1868391335591828,0.1365362899086336,6.511651781131301,8.237347294938917,28.78759880915717,22.632173288163436,6.047633713171132
154.0,18425.0,0.5043441558441558,61.9,0.140339131442403,0.1390516164750415,6.710528009888114,8.142244653594098,29.561343650619936,22.867553335307523,6.213547232486578
317.0,24636.0,0.6271829652996845,45.0,0.2479667231675359,0.2238239184777961,6.201682954676914,6.954636675938174,26.367966521977497,25.55817661467581,6.886232062650579
259.0,25126.0,0.6437104247104247,57.4,0.1799413391234457,0.1235597195314327,5.055152020441336,6.164190473905507,24.350261814648423,27.42785851812309,6.781989071562671
406.0,24351.0,0.6234507389162561,49.1,0.1548666448062389,0.1694841597496849,5.436530355047585,6.94331959813686,26.31903318966028,25.93700246127346,6.645043279696273
134.0,26679.0,0.667089552238806,60.5,0.2036021926389976,0.1756348584852891,4.274527352052802,5.592348137375545,25.46705448036693,27.17977402394004,6.22217250251706
274.0,24230.0,0.6424197080291971,45.2,0.176681456400584,0.1948608988598081,4.5204319890014375,5.534504013680031,24.337160484709383,27.907716605216365,7.708083602711009
295.0,23616.0,0.6446508474576271,51.0,0.2923669099551984,0.1987674315882464,6.326904065793071,7.296552594493407,27.215888774372672,23.84735923269461,5.802115979218812
387.0,21956.0,0.6191731266149871,61.3,0.241632584926133,0.1514898589433269,5.865954427844086,7.019864785911026,26.70812119188715,25.196143894499624,7.310324680744512
158.0,23450.0,0.4635886075949367,122.9,0.5433669638346963,0.4000163829235327,6.184553633595915,6.924515679823065,24.60305541523885,26.45978674894535,9.011973186615151
753.0,24207.0,0.4519189907038513,97.2,0.3793767172600244,0.4675355206511997,4.755285854919996,5.610426247814396,20.78402562482552,31.990184986555786,12.98020834863868
129.0,19790.0,0.4405193798449612,90.0,0.3009132982561107,0.2270047688598729,6.489872771745825,7.811427666426171,26.12138596089887,25.81343375508121,8.114100691572668
273.0,25132.0,0.6007399267399267,80.4,0.347556737112962,0.3573127156985891,4.679211229131352,5.7609053548127465,21.78997817099792,24.510066950403044,16.34370312557164
266.0,25251.0,0.6582180451127819,67.6,0.3067064185600219,0.2153227556743543,6.556206664153616,7.31811795346287,26.077470500211327,23.72034314565413,7.725917549090161
298.0,25447.0,0.6325469798657718,71.5,0.3013278585032281,0.2578263014657903,6.078016328999093,7.064758964238536,25.393768667207784,24.79429599096016,7.824444692014282
271.0,22437.0,0.5872214022140222,92.7,0.3896014126193154,0.241929909449091,5.722113650502397,7.234018487215418,26.56264727875981,24.172254095527755,9.54586299854842
235.0,32434.0,0.7180042553191489,55.0,0.4462724691965318,0.3698194167046956,4.382123024221986,5.11702058305824,19.74977923440269,25.992259869259357,18.124114715138298
416.0,24982.0,0.6205985576923077,56.9,0.2126514027633061,0.1572613288194942,5.9112441850105935,6.989994925804415,26.134043978944028,25.109133939396287,6.282706289291124
238.0,28897.0,0.8086554621848739,40.8,0.2613530084173335,0.2909695521147251,3.867816689182168,4.410786656967682,18.3586199729814,25.0867712771485,24.366621635664558
96.0,22726.0,0.6498020833333333,64.7,0.2404578317115788,0.1939693175806736,6.816178002917556,8.17396322598227,26.738910886327567,23.351661563617128,5.812667318574566
353.0,25126.0,0.608671388101983,56.3,0.2247964963394939,0.246671103643751,5.75255630384295,6.6349872708402176,24.86910141905697,26.68748632837044,7.370811827181294
183.0,26461.0,0.6641475409836065,48.4,0.3496819950797686,0.3027834686808349,5.399090004031628,6.504085108483697,24.85539621026995,26.11013748673265,6.694970338739005
306.0,25156.0,0.6243856209150327,54.4,0.2402361537092671,0.2852477206351865,5.750489369942741,6.849085637123029,25.777496310098293,25.390710868723243,6.918696548764275
266.0,21609.0,0.581,67.8,0.2898813298306006,0.2025286969575401,5.901802699519884,6.85103464340714,26.676847022892854,24.50403116224296,6.701564582713237
246.0,23294.0,0.6626747967479675,54.3,0.1938436246304089,0.1496767228158853,5.691396042154854,6.904145554478647,26.33758235286901,24.920560919653045,6.222625722312873
171.0,23502.0,0.6515029239766081,63.9,0.256716364321811,0.1884980297467843,5.567872754853824,6.701553762330913,25.984902205426945,25.34490651395334,6.671932643370704
244.0,22065.0,0.5829590163934426,54.2,0.2615261315223351,0.1131873848792902,5.556024240379073,6.5240927433528775,26.53084180481152,24.961685015677507,5.79856863654898
102.0,22658.0,0.7025686274509804,52.0,0.1590801261477491,0.0934944601043789,6.356227847394715,7.543747034690631,27.61714716307108,23.160112751528004,4.960788144344283
198.0,20365.0,0.4560656565656565,109.8,0.3189333451456794,0.2524888982403295,5.961174294858307,6.994385444236498,25.43271946047109,25.554534279797565,8.589052169964894
217.0,23528.0,0.6534331797235023,53.6,0.2059310977114849,0.1227123664445149,5.866215310836067,6.998836348249234,26.79078952008181,24.222997990056065,5.700483091787439
121.0,22454.0,0.6499669421487604,60.6,0.184370470208275,0.10680772067238,6.552145055056837,7.276911731047988,28.562164636472293,22.41182005442108,4.663937136027261
231.0,23479.0,0.6463203463203463,50.5,0.2458137977227059,0.1627595445411922,5.993302076356329,6.405224380442063,25.116543871399863,25.971868720696584,7.264567983924983
177.0,22858.0,0.6682655367231638,55.5,0.2240389574156895,0.1208964940016739,6.2815451079191424,7.115139115511104,26.93709155161773,24.65273961600568,5.720179569337944
153.0,23124.0,0.6827777777777778,51.8,0.2067678169721916,0.1081702005456373,5.946489254774327,6.843440386732398,26.77643229789882,24.046331307136363,5.342459196860192
100.0,21319.0,0.62541,48.6,0.1343118913992421,0.1135255272541213,7.1569050702739005,7.729329559808766,27.82014998161206,22.829823635694986,4.883196623015302
,21630.0,,117.3,0.2118843582258216,0.2730953950466145,4.700693725083969,6.176036663841543,24.701007627836898,27.496311642653104,9.61013278086449
,24102.0,,82.3,0.1782071423546791,0.1770347269444509,6.200905104696696,7.648838136328464,28.76755692076817,22.459962013740707,5.054282833493564
,22622.0,,66.5,0.16687923903067,0.1203914510149833,5.610718415124027,7.217527088076478,26.785309858987045,24.791102952570537,6.1769158332638
,22574.0,,54.9,0.2201276740509495,0.1540893718356647,6.478757679454084,7.577394889035641,27.62202077204779,23.415581037001463,5.337095515398931
,22159.0,,60.1,0.1398788993638384,0.1264658542193608,6.244730589407527,7.30819345443397,27.08668659461945,23.99018931555147,5.501264658542194
,23076.0,,65.2,0.1550876002617103,0.0896600189013012,5.418373034143505,7.383623718709866,27.15486950832384,23.28737247679744,4.764097220539414
,22992.0,,68.5,0.1941397228637413,0.1450635103926097,5.302396073903002,6.851183602771363,26.97243071593533,24.11229792147806,5.922344110854503
,23678.0,,72.5,0.2021079356595232,0.147822746329486,5.810185571831833,7.790342247239806,27.810720072157547,23.05867811388197,5.97888723713441
,24428.0,,55.4,0.1973853591555339,0.1001230082672998,4.891724118202363,6.589524272677862,25.98335097405384,24.46005091970135,5.239293989758846
,22707.0,,56.7,0.1712050586720985,0.1224678521888004,6.2358630859399415,7.244348358555879,27.085390085102663,23.72127316579398,5.915947063895728
,24601.0,,70.5,0.186099673226558,0.1626540451035271,4.816611227525168,6.196239907389769,24.49408730565772,26.670867341705375,7.117946162976423
,21546.0,,99.8,0.238829930719582,0.1776420972294412,5.128593140383312,6.941858399510497,25.52585350448382,24.835023126369325,5.9799593396977455
,23272.0,,63.8,0.1703394718135118,0.1140067331035315,5.480370723070939,7.371541236905991,26.637337875719247,23.513553388682485,5.358316455865982
,22609.0,,61.6,0.181721814189445,0.0832891648368289,5.5455440296812295,7.402135231316725,26.089195123797985,23.51025971075945,4.998864238661316
,22925.0,,64.3,0.1316816230979321,0.138997268825595,5.418454935622317,7.025458447132267,26.30462348809988,23.931915723761215,5.36480686695279
,22429.0,,103.1,0.1929284309724335,0.2597113493859682,7.134641783845955,8.6335472860164,27.06934293028605,22.88428004303788,6.459392275442437
,19872.0,,99.2,0.2797883340429414,0.1926079111165176,6.9318573484986725,7.7975792226750205,25.785130669261804,24.79573424163169,7.868540032033737
,22013.0,,102.6,0.3083061298512876,0.2321363801233224,7.352194414218354,7.769314472252447,25.67645992020312,23.170112441059125,8.186434530286544
,19877.0,,109.4,0.4615347825047229,0.3048999210847263,6.763995504220771,8.398498218427912,27.4732764186814,23.882631465671857,6.902695076165196
,22994.0,,89.6,0.3794707329462267,0.3316633965120564,5.871338505821539,6.715934782825214,24.86877882134996,26.180492614762507,8.707907134248977
,26900.0,,73.3,0.2881494737480664,0.2092875125117534,7.109709120689132,8.10458309320877,26.36416027177045,23.41896933482969,6.412084078983288
,20268.0,,84.6,0.199982610207808,0.1521606816798539,6.634205721241631,7.886270759064429,26.297713242326758,24.04138770541692,7.247195896009043
,24936.0,,107.5,0.2317260180609984,0.2146873402623956,6.638268870335661,7.960470267507241,26.2634179587664,23.554268188788548,6.907479979553586
,22281.0,,91.3,0.2284694721267244,0.4112450498281039,6.849732364332652,8.314112885678227,28.665303102833025,22.927455502850428,5.955437573436615
,20942.0,,75.3,0.1885280671159919,0.1272564453032945,6.211999811471933,7.955884432294857,27.214026488193436,23.278503087147097,6.164867794692935
,23726.0,,47.1,0.2464094621233455,0.1748333802684689,6.52398385431334,7.7466441378015585,26.755374073031067,23.91579836665728,5.557120060076973
,27069.0,,62.6,0.2643113587806436,0.1817140591616924,6.834651219136142,7.807096759983261,25.115085570802403,24.15145040858131,5.996563952335852
,22548.0,,51.8,0.196074508313159,0.1160440967567675,6.554490706468457,7.854984894259818,26.948240331325906,22.934715191772877,5.4180588623677
,24083.0,,65.2,0.1651497800012054,0.1446567416068953,6.489060333915979,8.370803447652342,26.81092158399132,21.84557892833464,7.437767464287867
,22101.0,,62.0,0.1840060751212103,0.0934634032361703,6.470880308429231,8.268590455049944,27.305917401717387,23.37315263742041,5.439862141480226
,21992.0,,41.2,0.1054741061069507,0.1139120345955067,6.929648771226664,8.231199240586436,29.01381710790001,21.36905389726822,4.53960552684316
,24979.0,,58.0,0.2351158598709475,0.1358447190365474,8.101047571775648,8.517725123435827,26.898560568457903,21.47391520154654,5.539590898403825
,27213.0,,52.8,0.2077392676210914,0.1607039617446178,6.972004193981441,7.636377889486629,26.01346385630714,23.654839247043142,5.502150885341643
,26173.0,,47.5,0.3325950195664942,0.1967264158286923,5.765923871122968,7.09984219427795,25.00194603468896,25.18239652402822,7.006432529208212
,23804.0,,42.6,0.1133347251632914,0.1103522323958364,6.527185421575353,7.914044558441946,27.110859256166304,22.638611351367476,5.295415908616421
,26125.0,,74.8,0.8823328464018584,0.8449182898619565,5.363295344002447,5.056495980375251,18.96364931824171,29.59328750321277,16.191393350619943
,26594.0,,66.7,0.7510604350702417,0.6035724014476398,4.742187804023816,5.405300229598786,21.137097715686657,27.944117990426896,13.794217223800445
,26372.0,,55.9,0.3955983312288741,0.2759290862248402,5.585764458534157,6.286384399209403,23.543049436294872,27.12352925298198,8.948800158359301
,25261.0,,58.4,0.2833679270823933,0.1834972776223566,5.545227566705773,6.583641668922781,24.619318352735917,26.341786240712327,7.165418283548417
,26921.0,,57.7,0.3970111631256752,0.3066858720441723,6.038890889449046,6.517224822950427,24.37672548313528,26.69127355659585,8.372944424438842
,26101.0,,53.8,0.3666067586762971,0.2671368878740953,6.451977528851914,6.857769388147261,25.06791456140946,25.56451035579318,8.293300478133583
,29438.0,,97.4,0.3231995277449823,0.275974025974026,6.217532467532467,7.5088547815820545,26.427095631641084,25.48848878394333,7.98258559622196
,25809.0,,51.0,0.3161524411718935,0.2240095664780126,6.24073452204467,6.985248949571228,24.587404683315174,23.2793853865496,12.101430876463024
,25655.0,,52.3,0.3111164293406724,0.1794902476965418,6.496350364963504,7.3926050017949025,26.05480435563001,23.273902117984925,9.291611822424317
,24693.0,,56.1,0.3169817155668947,0.1932815338822529,6.737021144999806,7.873516564227454,27.1923924388264,22.51343306660481,5.62371950983803
,24229.0,,57.0,0.2015451797111185,0.1791512708543276,6.496472959355056,7.756130332549546,28.467136938752656,22.041204792296494,4.829246444966969
,23885.0,,64.4,0.2294805179363399,0.1545723695944258,5.587196651724671,7.019963616042234,27.097725408130508,24.579384801969013,5.926066846604758
,25667.0,,53.1,0.2716163358518986,0.2516945652437987,5.2860717669638735,6.431816525351668,25.53679453851948,25.74427249095017,6.695172614853867
,31316.0,,76.1,0.4103499373076484,0.316311410007979,6.220791063490254,7.443291918385957,23.529579391314257,26.270944944716742,8.999202097344124
,23053.0,,96.4,0.5197277952117344,0.2982969570889602,6.690173125066112,7.317090370579317,23.896195479708048,25.663411022178344,8.618172842988612
,25023.0,,56.3,0.3284916520273647,0.1831698016196066,6.624819686647529,7.781681591613465,26.373594984075293,23.513932330719683,6.107088278560921
,24661.0,,55.7,0.259493920992663,0.1633362751425899,7.475269043824176,8.091731759684919,26.47760053742904,22.123503299656203,7.758473069273022
,23961.0,,118.9,0.477609973813798,0.2437457797394555,7.042276717337242,7.144386435876744,23.911790378629423,25.27709613135921,7.832803570546288
,22488.0,,82.3,0.2852768363060575,0.2643390868524019,6.652969888899067,7.377285159061466,24.409490034939868,25.81559077168693,9.53845348548098
,23344.0,,47.9,0.1930952532518513,0.1686931058628811,6.032635219725423,7.262291255543531,26.422220807604983,24.51248753368557,6.139792475650901
,26184.0,,53.4,0.3444033743026894,0.5966823892240011,6.265306816635675,7.0907410766928205,25.07454986620709,26.184577531860853,7.345854687287405
,23358.0,,107.6,0.3043870385879018,0.2592926625008052,5.693164980995942,7.447014108097662,25.975971139599302,25.36075500869677,7.327836114153192
,25116.0,,44.9,0.4351916078334489,0.1339782024116076,5.428492697712869,6.7473703214526655,24.567421442213583,25.756121663610188,7.807793540540284
,26667.0,,51.7,0.3325196677826228,0.2055576128110759,6.228697958782676,7.386470983880352,25.38258654957944,24.79689849837141,6.477331983101956
,25774.0,,53.2,0.2712137138111366,0.1596138124343053,5.114130364256887,6.42348269552692,25.032117413477632,25.61477271252644,7.1449890346608536
,22653.0,,122.5,0.4938932933361902,0.3053353331904864,8.225841011356332,8.77651596314549,25.950289265052497,22.186629526462397,6.76558817227341
,25729.0,,55.2,0.4109709739949148,0.1969891498627999,7.307479294111724,8.388716864285174,27.39722578858596,21.66377161845782,4.564106437076757
,24664.0,,55.1,0.3284559601895547,0.1691746060012465,7.798850404139336,8.795100861702233,29.1633276941798,20.104077009072117,4.280810059458443
,24532.0,,65.1,0.2613144777004326,0.1742096518002883,7.362919695206306,8.630697497383196,28.026526713366568,21.57930565010211,5.225923567345206
,26174.0,,50.0,0.2108513923646238,0.1522815611522283,4.899632607422396,6.383046696129066,25.29471274160056,25.97838240775252,6.41392897076833
,25619.0,,55.5,0.2304986048768652,0.2168506611670508,4.703991265316025,6.301558898459299,24.57918840228072,26.59226009947834,6.673844474099236
,27065.0,,46.7,0.2603051542674269,0.2242455657974803,4.233621058799667,5.9363097518649575,23.40943408983345,28.35410515877488,7.13529106849068
,25582.0,,72.5,0.3362990878121217,0.2214956886332156,6.112657074759474,7.636921771466364,26.97505521793928,23.87473950859153,5.519298201829368
,27260.0,,68.5,0.4069324901926343,0.2144446396159025,6.305257919081914,7.808566075297149,26.75873880203759,23.450582586802508,5.094706950055624
,25499.0,,55.1,0.3571594661210063,0.2064828163512068,5.456912988885272,7.451053341394225,26.211226340510624,24.178951774171047,5.064409617262707
,25385.0,,56.5,0.3119639853676679,0.2847642784583872,5.417182443421834,6.409139101521519,24.985428728441452,25.88690472886333,7.080250237303565
,24284.0,,59.1,0.3283811759853418,0.2792033187121747,5.885479047853228,6.822237909782428,25.694637233983485,24.80071069935672,7.097475272262896
,26261.0,,46.7,0.2483230385993955,0.1733575929844837,5.021123076082119,6.301001881945041,24.278652808471097,26.79468057692157,7.071740369673353
,26665.0,,81.0,0.4319006628475451,0.3149275666596682,4.452475930535977,5.671695510032693,23.579076812333163,28.761884766503705,9.113403917099069
,25042.0,,47.3,0.2525726439585875,0.1344968878045729,4.959963717118638,6.387820212067186,26.64054924775578,24.870194864095588,5.708298145194083
,25431.0,,47.3,0.2802955289816437,0.1271993297280828,4.957727168862823,6.762129636682154,27.165054459593268,24.064285170233838,5.0369411227054615
,27418.0,,60.8,0.3565977822945222,0.2857122190797896,6.184403729448611,7.406818033865939,25.44068397335281,24.1343643083956,6.884579496712501
,25013.0,,60.4,0.3438468631611692,0.1777560520380842,5.765961937985358,7.389096888158114,26.776171801224297,23.619890902223062,5.556543089177989
,23918.0,,51.9,0.198019801980198,0.1459093277748827,5.310636326790574,6.8229980892826125,26.467488854148574,24.44328643390655,5.60245498234034
,24467.0,,77.0,0.920570992093803,0.6547164383425754,4.517543424563771,4.569127143948338,17.553344509805864,20.8179987500868,28.193478627476264
,33026.0,,72.7,0.7693409200209661,0.7548862267036274,4.45839479955258,5.346480349722524,18.63304532019172,26.715785605827268,19.86277497689951
,23440.0,,106.0,0.329919384915512,0.2180336804659035,4.943053045299366,6.730355452276444,24.809937745646497,26.35625555842442,7.028717330808733
,24314.0,,62.3,0.3124736086479183,0.1787574247670523,4.789854460490386,6.578836246938604,25.88041550544717,25.037299777608872,6.046786588970527
,24242.0,,76.2,0.2574673185085286,0.202295750256701,4.441311244272119,5.743973272440269,23.907679575791946,27.38961854990728,6.649706517907772
,27148.0,,66.5,0.3478933127174333,0.2768183348504308,4.760776587652905,6.431662032245596,23.423569460204245,26.57206628676883,6.688529496115815
,26586.0,,64.7,0.3362962001773395,0.2162676528471636,4.919007764008737,6.598326088366963,25.03946884664461,25.983477151322475,7.000583922662687
,28671.0,,53.2,0.4704522944866293,0.3230674904494647,4.637315474225345,5.911899259538744,22.809272272791585,28.289628826109517,6.8811017308871385
,25196.0,,59.0,0.2744217541608753,0.124737160982216,6.189339130641387,6.287940886465424,25.192154626560697,26.020171780890266,4.965726980053934
,26348.0,,56.0,0.3497601004439262,0.1916954396663826,4.609658759696875,6.322586431101744,25.026904623111072,25.847495627998747,6.415631586027533
,25431.0,,61.4,0.5765194357625363,0.2025608828354857,5.020943512094076,6.859573063985408,24.761005655206542,26.00111820939846,6.125404434341861
,27234.0,,55.5,0.356193124984752,0.2577927411419324,5.194076459537925,6.605024112160172,24.939211333121893,26.157424349622254,6.707490627566745
,26013.0,,69.5,0.2638522427440633,0.1810373052404522,5.1788224871444255,6.76386187238796,23.717812915278397,25.944186583980123,6.184157309862681
,27292.0,,61.5,0.5579961087113472,0.2312747029527294,4.9730179513221815,6.554006926004331,24.330343485762533,25.524650946513137,7.447290170213286
,31492.0,,71.7,0.4038073262186328,0.2641446419625643,4.443398661059918,5.759567652907868,21.00253518133378,28.806946700469084,7.966845293215734
,24731.0,,52.6,0.3120166767534126,0.1560083383767063,5.356734584089839,7.072826306233609,26.86302198910631,23.912312554636543,5.788447313563312
,32819.0,,46.6,0.6457734353592651,0.7345212728975555,3.6345715769713673,4.805470465783005,17.52585752086801,34.207997120807484,11.711442745375502
,24543.0,,50.2,0.2210725087124061,0.1826918648387245,6.305172175568417,7.494972135652548,26.967775611403656,23.67625159279672,5.078526797365552
,26393.0,,66.3,0.3832932073256914,0.1605040305676333,5.6811240073304825,7.082539796615042,25.306934013678777,25.15960568711296,5.980571825553679
,26382.0,,59.6,0.4219236201046605,0.2097897999964839,5.016789044049998,6.51051586022608,25.010694591759595,25.307213135888706,6.5075858350864655
,36546.0,,61.5,0.670348810560572,0.4262730897923638,4.628271531374616,5.793647155887611,20.32818444332401,29.4094055094651,8.124398404913599
,25634.0,,65.1,0.3933382106123854,0.1833283126048973,4.902526143650213,6.361406377759607,25.34922752506778,24.992899255497697,6.100615397856866
,26400.0,,56.0,0.348210018434648,0.2253123648694781,5.717016773253829,7.353376271649332,25.605953708550487,23.93431803181684,5.3505996950317485
,26021.0,,110.7,0.3415519265663357,0.3041946845981428,4.715017611271214,6.337389262461309,24.9919948767211,26.021987405272707,7.495463763475291
,21778.0,,81.3,0.3321213816249475,0.2412250034960145,4.838484128093973,6.044609145574046,22.46888547056356,29.090337015801985,8.78898056215914
,23852.0,,80.1,0.2176673317612914,0.2140395428986033,4.567386178124433,6.551786686014874,25.906040268456376,26.32686377652821,7.748957010701978
,24655.0,,62.5,0.2213861588861589,0.1676392301392301,4.761721949221949,6.27175470925471,25.625767813267814,25.89706183456184,5.782913595413596
,23107.0,,35.7,0.1427022090301958,0.1312860323077801,5.43029472762905,6.058184447361912,24.83779515573568,26.68911848088742,5.793709686625949
,24684.0,,55.8,0.2904041977739832,0.1582889833360338,4.887016564256603,6.478630987249636,25.68643824860095,26.075305672229632,5.287101317413034
,25256.0,,55.0,0.3193914945860372,0.2436975565627567,5.244112950125079,7.039536236165087,26.204872104937643,24.460219143181543,5.992744459111427
,23498.0,,49.7,0.2429257665875198,0.147322722962754,5.474449694775529,6.457907233702424,26.463235927937244,25.529930805338097,5.557514634318358
,23138.0,,51.6,0.3124561860316061,0.1321930017826026,4.586696577002424,5.57614116610251,23.82879003344884,27.788571314118617,5.968714322911451
,24650.0,,43.6,0.2584543700629755,0.1710895125768992,5.906835086697488,7.383543858371859,27.96282139953648,23.731692815453872,5.4190479657335615
,24570.0,,43.2,0.213400374181478,0.1183933582787652,4.788353601496726,6.773269410664172,26.846059401309635,24.22825070159027,4.886283910196446
,25427.0,,46.5,0.3834344773903392,0.3185677424934773,5.215285485707696,7.371744050278926,25.44938232453548,21.30079425713173,11.68466117942139
,23172.0,,77.6,0.4291504410712866,0.2463641420964794,4.518000476833824,5.892871334339982,24.83509496940316,26.86958594929667,7.700866248112533
,23749.0,,80.1,0.4807174114553019,0.3535320873482938,3.5105305136993685,4.415917566664511,18.731811420810967,27.967837202785145,20.03168854685378
,22484.0,,92.2,0.1912923712602341,0.1530338970081873,4.893258856836789,5.696686816129773,23.873287933277226,28.20414721860892,7.808554594842758
,24038.0,,43.6,0.27451316805353,0.1401160961939893,5.278659460696005,6.253753109719481,26.980927053844617,24.285836836235735,5.075634096823082
,23560.0,,43.1,0.2052901697591788,0.094749309119621,5.265354463933225,6.140657605324009,26.31887654390616,24.31447746883989,5.6375838926174495
,24923.0,,52.0,0.2838349252117498,0.1621913858352856,4.369030455938007,5.75892052622094,24.71503874571995,27.06456118219499,6.067534690935304
,23054.0,,48.3,0.188265794265609,0.1604888738001913,4.930403382611647,5.569272553316256,25.712169377488348,26.278509922533257,5.561556742075862
,24944.0,,46.3,0.3015859121979167,0.1862034391934367,4.215041100032625,5.488227009047578,24.417318511327377,27.766593193229838,5.75241308516818
,23450.0,,52.6,0.1841694358810105,0.1541418104656284,4.651279176842695,5.707250670616968,25.12511510589743,27.02386195299676,5.703246987228249
,23484.0,,45.8,0.1559230232653563,0.0841163678142054,4.823355627590169,5.079807968487136,24.76919289319273,27.128554429444836,5.968158877354233
,23298.0,,96.6,0.5075770516606066,0.2367066058224944,6.310549305741965,7.00358720320164,23.92200883379292,25.886429634690938,7.989458015080896
,21791.0,,82.2,0.3306828221633219,0.2271866717152594,4.81888173671589,5.611510791366906,23.35226555597627,27.936387731919726,9.153098573772562
,25213.0,,75.0,0.334888171271379,0.1674440856356895,4.847904955547582,5.649244508232668,22.42953394729498,28.975800342861703,9.643981979826972
,20825.0,,95.3,0.2658754623921085,0.1656905055487053,4.37731196054254,5.363748458692972,21.10434648581997,29.519882860665845,11.90274352651048
,23794.0,,52.6,0.2553393638289028,0.1177728073474396,5.907444429049306,7.072306565586588,27.39850755131529,23.445695849250807,4.902911660497615
,23428.0,,57.5,0.19641679644205,0.1094322151605707,5.227492739593417,5.749400227282293,25.421945368071047,26.24408995889277,5.5768340418367774
,23959.0,,47.6,0.2534637187237759,0.1524207497730814,5.581339590005309,5.954684797314655,25.56558373721977,26.31056155914439,5.997499614666644
,25135.0,,55.3,0.3654425200092647,0.2058831098643745,5.655351674087037,6.83917955580719,26.835576601384563,23.905602594127185,5.207555910132022
,22701.0,,61.9,0.1635760235297818,0.111672092986678,4.784598688246119,4.864813853630916,21.02109186995706,30.712971264096637,7.79817235250633
,23522.0,,37.4,0.172627478753541,0.1438562322946175,5.1412004249291785,5.530718838526912,24.287358356940512,27.81736898016997,5.918024079320113
,24575.0,,56.3,0.216691306020778,0.1640373438101217,5.417282650519452,6.205066931286579,24.58940035237652,26.565949087668848,6.383280341845723
,23372.0,,54.3,0.2117164801009031,0.1216243609090294,5.797427869997072,6.459604946057344,27.885763192864705,24.198743214937277,5.155521520754972
,24806.0,,57.7,0.1805629314922995,0.1444503451938396,4.637280934678705,5.166224110462029,21.561338289962823,29.833244822092407,7.120552310143388
,22301.0,,82.8,0.387687969924812,0.2584586466165413,5.607769423558897,7.244674185463659,26.213972431077693,23.735119047619047,7.671522556390978
,25347.0,,112.8,0.3976822860433311,0.3185057223061974,5.686316850212337,6.776794068955589,24.78946231915353,25.97171237313755,6.485280357014324
,23924.0,,62.8,0.3276519328313537,0.2378627012381462,5.384203396238304,6.6570051353139466,25.66081723953247,25.829368954979365,7.216218770675152
,22880.0,,80.6,0.3232797909619396,0.2531953250015191,5.539103485993235,6.874354351921245,24.27231663594564,26.88650772752132,8.152889465048917
,27403.0,,69.3,0.4500724692959036,0.2212220611793424,5.213975131588985,6.7320161720955065,24.63574643374781,25.19642993363338,7.918224120833016
,24521.0,,53.4,0.2496488059401966,0.1428858117599839,6.31266305438491,7.59301625526791,27.89885611077664,22.09271523178808,4.565121412803532
,28371.0,,57.1,0.4201634698499885,0.3971857800925673,5.2892453470178245,6.446883240510762,24.76885538279737,26.384952895736,6.237895681288501
,26442.0,,36.7,0.3188792179617867,0.1921116600015682,5.342533782900755,6.381505005358217,25.46721032959565,25.916777751640137,5.772497974332837
,26644.0,,58.8,0.3422678177943142,0.2095148647184192,5.161109706317957,6.135534443521295,23.80793266625727,26.881118375898566,7.04042191958964
,24114.0,,47.1,0.373245744998507,0.2329053448790683,6.501940877873992,7.844132576888624,28.038220364287845,22.548521946849807,4.438638399522246
,25481.0,,59.6,0.2997699439964678,0.1545325680291869,5.593381823251923,6.570538888759788,25.38052192503428,25.377036228011065,5.778123765482304
,23548.0,,54.1,0.3402238059918088,0.1515688993518011,6.446515527750007,7.725176561643393,27.80805572575704,21.761424102679864,4.763133283885324
,24945.0,,65.7,0.2763512424291274,0.2164751399028164,6.100453676622988,6.993989360477166,24.367270801188308,24.84858254841904,10.036155954217811
,22155.0,,108.9,0.2860431855443541,0.4604597620957895,6.149928489203614,7.709212683573447,26.713642864617853,24.58924896222137,7.660376042139043
,24042.0,,90.9,0.4155771385879716,0.3019549246669157,6.025090275183663,6.73950940107085,24.249782094384265,25.22101855310671,8.232162868883078
,25314.0,,50.7,0.303187729413468,0.2069511748524514,5.974331241110893,7.031230039431438,25.745407472385217,25.12029569320127,6.442739250036195
,24223.0,,60.4,0.3533317186453718,0.1268004958041858,6.1077946686802775,7.409993018849108,28.589949992164016,22.047614298536807,4.299819059966661
,23729.0,,50.1,0.7318377053108928,0.1566906925728611,5.742253027817207,7.607793979390566,28.67070990100835,21.109001419433334,4.580898482865412
,23162.0,,46.0,0.273350869049461,0.135815840596902,6.333488060240343,7.579899255591658,28.774047140131003,22.043426685233896,4.275620197018928
,24397.0,,52.6,0.3228857506278333,0.2038420142852483,7.579661459182676,8.225432960438342,28.803691986562736,21.11640194383745,4.492677994846874
,23818.0,,49.2,0.1904694302479651,0.2070319893999621,6.320982396365701,7.866032557259133,27.37436115843271,22.86224682945296,5.755489305318948
,24222.0,,45.4,0.2360928396917872,0.1609190001879346,6.258222138695733,7.404623191129486,27.242294681450858,22.80233978575456,5.665053561360646
,23561.0,,46.7,0.3715241426856982,0.1825702831754462,6.503587569900161,7.992237571176876,29.32742639736486,20.75045323391977,4.416158108418661
,24560.0,,41.2,0.374563638079064,0.1905840173601283,5.874139069723559,7.184640060383055,27.05349561279366,23.596565713746585,5.596754410793471
,21046.0,,107.8,0.2695164600132952,0.2290528627995028,4.907656290644239,6.4965750455215465,24.43784502442267,27.310760426601927,8.762536489493916
,24234.0,,78.7,0.2667940907099908,0.1632620555090989,4.766455620594911,6.407040178393661,25.249870584956,26.83072512244654,6.677816270457532
,23166.0,,84.5,0.3404817562760442,0.2337635938611647,4.278890131110885,5.826303486126639,23.353491208456145,28.486126638886063,8.585730257139954
,26973.0,,99.8,0.2557160048134778,0.2331528279181708,4.53895908543923,6.595968712394705,25.658092659446453,26.12815884476534,7.603790613718411
,26475.0,,58.1,0.2889037834839485,0.1675641944206901,5.333163843113689,6.788083296738854,25.817597707259576,25.139251623639264,5.997642545126771
,25710.0,,51.2,0.2852253280091272,0.199657729606389,5.02967557136095,6.3447463922030325,24.664101661589253,26.53081040404899,6.812030440217985
,25717.0,,44.2,0.2125005774472213,0.1339677553471612,5.675921220800419,7.5252921882939905,28.342649481837363,22.494264024268183,4.650374955729046
,25434.0,,54.4,0.206950688646257,0.1391564975380004,5.000118937177382,6.587930255239183,26.91310449820405,24.60691262874949,5.352172982230786
,25106.0,,68.2,0.2582921793857375,0.137331405236783,5.085809391285368,6.2099260593162535,27.0388256800633,25.099815375660512,6.637381426609551
,26269.0,,63.1,0.3651309501051424,0.1835213152360925,6.037086599120627,7.283502198432422,26.52074173198241,23.78895048747849,5.216975721659338
,25033.0,,57.6,0.3356842162812312,0.1705756929637526,5.121644524629599,6.889727188234652,25.73178065715379,25.07681373353015,5.526215078453885
,25966.0,,50.5,0.2468007312614259,0.1239081860654072,5.708917326833231,6.968312004875077,27.723948811700183,23.002234409912656,4.853747714808044
,26021.0,,51.7,0.2799925626975533,0.1684330259977469,6.172961030722622,7.648390589624963,27.57707998381293,22.237534315494745,5.418293576576872
,25954.0,,63.3,0.3442016406614226,0.1924354993899596,4.607540694156508,6.389056966859433,24.12883259103489,26.14940533462946,6.292839217164453
