anzahl_personen,vee,anzahl_kfz_je_person,unfaelle_je_10k_kfz,elektro,pih,euro2,euro3,euro4,euro6,euro6dt
88,19384,0.5063181818181818,83.2,0.32318879612173446,0.26259089684890924,5.435856001436394,7.249304246341683,26.5261693150193,24.84064996857887,7.2784810126582276
241,20216,0.4610622406639004,97.3,0.3167860614132978,0.24028942726520033,6.396018575182692,7.505669750530977,27.0690089636056,23.94344648835451,7.1483854710392745
210,21164,0.4746047619047619,117.4,0.3110357490443176,0.18762479055253997,6.501650496152187,7.6083357580743876,27.949070404446807,23.30962103805673,6.444460051973071
78,20133,0.5437948717948718,87.3,0.1673896642776311,0.1390984534138061,6.605997736703132,8.572236891738966,28.61420218785364,22.375990192380236,6.820539419087137
322,21138,0.5950590062111801,84.4,0.20040812279172687,0.16596297668689883,6.1557651258552575,8.647819256924258,26.211190497314846,23.81255577765136,6.805525836469059
102,19975,0.7000392156862745,62.0,0.14144865833846842,0.11343902302392024,5.398857206879167,7.779676208615764,26.215618172651396,23.560304744832223,6.162119769200605
130,20786,0.6630461538461538,64.8,0.14617847695948769,0.20650610237133976,5.8599006914473994,7.989929927142791,26.395656410970346,24.406004919021765,5.9225486101443225
192,22117,0.69575,62.7,0.15046712181099534,0.11303748951970295,5.419062163133309,7.857228410588095,27.16717570966583,23.221343873517785,6.7635345550365304
140,23319,0.7002714285714285,70.7,0.2111426181684653,0.13872172014932985,5.847732511883148,7.987719047716192,25.915461351720758,24.620045288561577,6.100695648626043
86,22933,0.7160581395348837,61.5,0.1380295870479531,0.08281775222877187,5.552037154317079,7.070362611844562,26.373394391127132,24.353290787742974,5.657589191471395
131,24015,0.6253282442748092,61.2,0.2954173685881003,0.1074244976684001,7.193779144998658,8.98703581630411,28.78488244341903,21.12722478576137,4.378769012915354
195,24577,0.603051282051282,57.1,0.27212041328287767,0.16667375313576258,6.1881882733109395,7.4076278753348355,26.971384837790723,23.59794208937455,5.248522471193503
166,27412,0.622132530120482,83.2,0.5364370509518369,0.22270852295834384,7.138292309777873,8.747603462633382,26.994209578403083,22.058795050061004,4.8889362278986
198,24767,0.6390606060606061,74.9,0.21259108223876588,0.1327706387216084,6.558711492563265,7.694374634485593,26.97298749743152,23.146348017133736,5.272891080658163
312,25576,0.5681282051282052,72.1,0.2702306268899219,0.20140361962359526,5.761723157467166,7.251094462246694,26.0115313444961,24.872500789818115,6.7224804802094145
126,24390,0.6363888888888889,55.7,0.2618943692710607,0.11722890814990335,6.847914198416162,8.119972563447028,27.588701128640018,22.66508698634408,4.8587641080002495
269,24968,0.646007434944238,60.4,0.26816131111315716,0.14041064358714667,6.4186078629960415,8.121374643218857,27.007181659147406,22.753429702605654,5.373008931037657
197,23782,0.6493654822335025,56.8,0.27359781121751026,0.13132694938440492,7.043971076802815,9.208520617549345,28.136017197576706,21.045143638850888,4.565174907172171
272,24417,0.6169154411764706,64.1,0.3009517225761467,0.19666152168342266,5.842635026012956,7.486844536087389,26.321654817313366,24.434300153157608,6.267543101650169
130,23128,0.626423076923077,53.3,0.20752747590102538,0.11174556394670597,6.642107202062995,8.431264198440475,27.979370049732914,22.42033523669184,4.850494259225148
240,26692,0.6329833333333333,69.4,0.3199136364833198,0.19879407040733038,5.678796176834567,6.714236815082018,25.055293714947734,25.94920877326944,6.915005661023196
3604,21502,0.33891037735849056,116.4,0.4000219414409141,0.28965976848504993,6.7677883273171755,7.618019162737538,26.433541585989573,25.386329008631662,7.065389587476349
70,19546,0.49251428571428574,83.7,0.15373013110569672,0.14792899408284024,6.250725142127857,7.674904281239122,28.118111149785356,23.10882933054879,6.192713771899292
95,20040,0.5136421052631579,72.0,0.1229608984342979,0.1004180670546766,6.348881055824247,7.473973276498073,28.47979342569063,23.100254119190097,5.6377571932125585
57,19000,0.4937719298245614,58.3,0.12435601350151003,0.14212115828744004,5.866050808314087,7.074080653757328,27.26594421744537,24.93871025048854,5.993959850772783
176,21918,0.4302784090909091,100.1,0.3380475115213459,0.26542011646793173,5.278030873245388,6.374044289506002,25.823660684810314,25.82101968862655,6.838859617847852
179,22153,0.5894916201117318,85.1,0.19048702129474313,0.15163145973710895,6.705901306873644,7.871568153602669,27.802575839422282,22.805371544461188,5.183900529762413
167,22779,0.6202934131736527,79.2,0.20079352054754848,0.17569433047910493,6.837598586722528,7.854115784494492,27.121605575881606,23.48125766249312,5.43300929635386
102,20208,0.6190098039215687,47.7,0.1409588368520249,0.07285512915947355,8.448027368187649,8.996024644039343,29.75340122586674,19.525174614738912,4.045043475506422
160,22044,0.5865875,64.3,0.1992456368401986,0.1374475248790675,6.366271016685491,7.838770856862787,27.91250239734055,23.18707780169199,5.24964306262919
186,21931,0.6281935483870967,59.1,0.1386464003286433,0.14634897812467906,6.839033240902399,8.054328848721372,27.693334702680495,22.533463421313886,5.06744034781418
208,22817,0.5893028846153846,74.6,0.20558841525596572,0.1435855598613094,6.558433612074241,7.729145421170712,27.761778502957373,22.799102590250868,4.757087497450541
110,20858,0.5972727272727273,62.0,0.0684931506849315,0.0791476407914764,6.955859969558599,7.9254185692541865,27.92998477929985,22.27853881278539,4.972602739726027
174,21886,0.614367816091954,55.5,0.13096351730589337,0.11131898971000935,6.373246024321796,7.775491113189897,27.548175865294667,23.543498596819457,4.909260991580917
98,20379,0.5942551020408163,70.5,0.1305012277418136,0.10302728505932654,6.866768549204114,8.585607088277213,30.250528014835933,19.79154145989663,4.528049178357402
214,24316,0.5994065420560748,73.8,0.2650596774067808,0.19021929790368977,5.786876427619219,7.165966337420969,26.608873262494836,24.22645451497977,5.571710336547832
75,20609,0.6075066666666666,60.2,0.09437482167548229,0.07242718872769571,7.398547066698856,8.287426201084214,30.0902047714154,19.557535719772623,4.644119131751641
112,21348,0.6308660714285714,57.5,0.13586764227182022,0.08633256436021908,7.505271947577735,8.203008902161145,29.923432922428066,19.993772733062542,4.172268848097145
167,21693,0.6155868263473054,71.4,0.18190130638210947,0.17995583786465374,6.648638658404911,7.444335282044298,27.345505481357545,23.094656770716806,5.185646333278212
119,19779,0.5747478991596638,61.7,0.13305066159807005,0.08772571094378244,6.6642298413626735,8.25791359017472,29.879377147452303,20.6857226405439,4.627531252284524
207,20129,0.4121787439613527,76.2,0.16408621558584638,0.13009692807163534,4.5065107066255665,6.217695526306537,26.599547590862745,25.34194395283693,7.019373893883101
94,20710,0.4698191489361702,81.8,0.1562393859112832,0.14718203020628126,4.56717161424722,6.670742476733918,26.99771301768449,24.620157145121482,7.48816882911034
251,20497,0.5742430278884462,56.3,0.08949942761993965,0.08464286953203594,5.778610330592847,7.921740035383494,29.08592638845527,22.00922746036702,4.908592638845527
209,21911,0.6013205741626795,59.5,0.13367707438174353,0.13765555873834304,4.989815080047105,7.043508704923772,27.029027021865748,24.163722588242784,5.562716827397435
223,20951,0.5506457399103138,70.8,0.12541329380914376,0.10342524879065752,5.1142563968923564,7.222665602553871,27.403619069335633,23.761747316644136,5.290160757040247
155,21164,0.5817290322580645,64.8,0.1341939490728418,0.09315943571998936,5.284579895306539,7.207656818383462,27.47870641469257,23.170082512643067,5.165912518853695
233,19667,0.5364377682403434,74.3,0.09360748859908792,0.08000640051204096,5.924473957916633,7.787022961836946,29.1415313225058,22.023361868949515,4.681974557964637
210,21663,0.6081714285714286,59.7,0.08221366156158978,0.07125184002004448,5.606188731247455,8.093739233925271,29.601616085690125,21.21817156816687,4.057439944877697
244,20918,0.516483606557377,82.9,0.18885591404675375,0.13172303248639128,4.419069686245259,6.0616400311056795,25.194013743632066,26.714383202932822,7.924806779768612
331,20972,0.6114803625377644,53.3,0.08250988142292491,0.0958498023715415,4.57806324110672,6.169466403162056,26.57213438735178,25.525691699604742,5.788043478260869
298,21232,0.6028557046979865,59.2,0.09963763073960066,0.0818253168643648,5.326438483504128,7.069818704042839,28.616038875375033,23.006829909101537,5.183383337693639
223,21060,0.6155964125560538,57.3,0.10343973542738094,0.08668541208350938,4.8733227465435105,6.193272046504174,26.229257419251446,25.745567388802282,6.269030725972115
313,21691,0.5937124600638978,56.2,0.14367816091954022,0.11139093374660984,4.602544233501227,6.008114856429463,26.591222179172586,25.80771879977614,6.20560506263722
545,21075,0.41911743119266054,102.5,0.27537113812773895,0.1843104120060065,5.241683047382223,6.510841917703869,25.9291039712108,25.810900144033553,7.589123496731882
295,21431,0.6131084745762712,61.4,0.1144487385758596,0.09509750258477223,6.307397148180708,7.691286967771899,29.39121011572039,21.78175123156795,5.350340305307215
245,20038,0.5855755102040816,61.7,0.09688706731908606,0.08015836504816472,7.180795449792983,8.078569138332426,31.04080409295582,20.319099995817822,4.7516484742029474
236,22159,0.5837923728813559,62.4,0.13427690074396662,0.08927599346761024,6.719651605879151,7.687896933405916,28.59880239520958,22.62964979132644,5.251315550716748
242,21770,0.5898842975206612,59.8,0.1337984756780991,0.11348352387357094,6.069967496077113,7.509527011880744,28.61956399910334,22.554500112082494,5.2769838601210495
583,19963,0.39463807890222985,91.4,0.3229395759625164,0.16342568043325192,5.358276032928536,6.856924293922825,26.604918417552614,25.285342976607527,7.594513069708007
256,22645,0.597109375,56.1,0.1635483448907497,0.13410964281041476,5.599241135679707,7.075755593353396,27.963496009420385,24.259453094334685,5.217846395394479
194,21916,0.5952938144329897,62.9,0.08745573094807207,0.09784651086269451,5.94179431451159,7.180894819330315,28.25339648618459,23.156718938062294,5.474209218353581
81,20858,0.5198518518518519,61.1,0.16148950318229316,0.10686805357651753,5.526265792723473,6.88942718723283,26.410658307210035,25.294480858744183,6.141350812197207
235,18832,0.4009744680851064,94.3,0.10294070827452272,0.14326799605217078,4.828662089165755,6.449182311178088,26.71258317503104,26.188328433921615,6.70281972641119
233,19810,0.4782618025751073,91.4,0.23780679319782833,0.17140036792749136,4.817157984475254,6.4127069592138914,26.469242159106205,24.860232422488444,6.776147529950196
82,21108,0.6203536585365854,60.3,0.11205252707936073,0.08453085376162299,6.978710019854921,7.664786018989956,28.48689771766695,21.45314435117655,3.9985059663056086
156,20659,0.5951217948717948,70.9,0.08940208317625137,0.07324508019259147,5.680802249054815,7.025064897295318,27.55199862126908,24.510173526212046,5.18316655715809
170,21671,0.6230117647058824,54.7,0.11802250925296472,0.09819472769846666,5.4214819850441875,6.744278268751416,27.81554498073873,24.01238764257119,4.761500113301609
176,20571,0.5804204545454545,69.9,0.10278598978013588,0.12138535935939856,5.330187755741331,6.97182684965836,27.913738081719757,24.021575268711945,5.5347808211132214
208,20892,0.5915480769230769,59.6,0.08289852245574682,0.11053136327432908,5.1470229677671036,6.737536776060208,26.768095447083113,24.99227905918304,5.766323694348271
88,21673,0.6207840909090909,56.2,0.10067912647128816,0.07688224203262004,6.031594940416262,7.655274670962308,27.897270680407843,22.55029379999634,4.669680938695564
130,19958,0.6138307692307692,56.2,0.08897466101907316,0.06641770470437856,5.392365723451715,6.527732524624677,26.12346174089576,25.723702348429782,5.718188425775082
183,21637,0.6251584699453552,62.1,0.10576553267368274,0.12499562952344323,5.005943848117199,6.443830635292472,25.978986748715077,26.349603160728645,6.142267752875774
184,19914,0.5729239130434782,53.4,0.05691627615777192,0.059762089965660514,5.638505758029938,7.0433891745242745,27.883283689692462,24.35732038171849,4.979225559202413
108,20050,0.5898055555555556,45.4,0.0863435846716589,0.07221463445266017,6.984411058258372,8.245027394464591,29.184131619020707,20.68478312061414,4.347007017378609
124,21227,0.607741935483871,61.4,0.0902335456475584,0.08492569002123143,6.532643312101912,7.875530785562633,27.72160297239915,23.281581740976645,4.775743099787686
211,20415,0.46119431279620854,67.5,0.2671818480762907,0.23429792831305493,4.568809602104571,5.922188424860243,25.021580072344623,27.43854817494245,7.9003617231173955
92,20362,0.49781521739130435,66.4,0.10262232799842792,0.10480578178562851,4.676958012183672,6.235944016244896,25.236358872464464,26.618485119762443,7.137710430358742
111,20516,0.4071081081081081,71.8,0.22571864834362346,0.2058022970191861,4.481179047998406,5.981544181106021,23.892982805550023,27.75675496249087,8.216601385292881
36,22736,0.5655277777777777,50.1,0.07367748907117246,0.10314848469964144,3.1730438626651605,4.710447467950292,20.516724790019154,31.047693894592072,8.35011542806621
65,20075,0.47592307692307695,71.8,5.016971068369161,0.20042023597866493,4.399547438176822,5.518021658315823,23.433004687247454,25.76693066106352,7.803458865362857
96,21273,0.6263333333333333,49.9,0.10477647684938797,0.12639701969132516,4.457158062799362,5.985564129856306,26.834419904204367,25.10643959552954,5.014302820649282
83,19955,0.5682168674698795,62.8,0.15054493024044782,0.11025825876765191,5.286035367456851,6.69394851787456,28.11797633688139,23.538017895763538,5.769475425130401
121,21390,0.6109173553719008,51.5,0.12310439523274846,0.09063730198455108,4.5738017613398085,6.220153948133818,26.107601358206733,25.607067003963692,5.399007048064826
100,19996,0.56778,51.8,0.12152594314699355,0.15498960865123815,4.924442565782521,6.5624009299376524,28.07249286695551,24.26291873613019,5.239705519743563
75,19528,0.5918666666666667,47.2,0.07434106780806488,0.06082451002478036,6.028384771344897,6.82135616129759,27.578283397161524,23.33633701284073,5.0439288127956745
122,21629,0.6240983606557376,48.7,0.13396375098502758,0.09587601786183346,4.418177042290517,6.216180719726819,24.82663514578408,26.757289204097717,6.14394536380352
134,20603,0.5680820895522388,56.8,0.2561643655662546,0.10903406329230325,4.601762936300461,6.025774076166205,25.7044520053072,26.17999816087122,6.2175689344876055
69,20486,0.5852028985507246,45.6,0.106490997795884,0.10401446296342158,4.962975804254687,6.4786151217216865,27.031377696327297,24.12392580301642,5.648975952846777
63,21539,0.6241269841269841,50.8,0.0762970498474059,0.05595116988809766,4.270091556459817,5.5162767039674465,25.546795523906408,25.836724313326553,6.302136317395727
103,20366,0.5709417475728156,51.1,0.29078170966041456,0.10032819222201439,4.873569473021919,5.791827503528491,24.830377336031425,26.498546091451697,6.38359378985495
79,20988,0.6120632911392405,64.5,0.15304117634893388,0.13235993630178064,4.762889582859389,6.245734494240274,25.262134717597668,26.6705271648088,5.718362873037868
56,21523,0.6242321428571429,54.3,0.12014760992075978,0.10298366564636552,4.087879394684898,5.174929198729869,23.380152759104043,28.83256572360328,7.183110678833995
101,21061,0.5974851485148515,47.4,0.0961124183872999,0.10274086103469988,4.817220693997945,6.0169688131773436,25.461505319325223,26.364630630033474,6.217479203261194
81,21300,0.6107283950617284,73.7,0.11926661141320827,0.1698033111645677,4.7403424366775155,6.553599223756292,26.481230669712346,25.895004952596572,5.645960096221876
78,20725,0.6470641025641025,71.7,0.09510411919716273,0.08321610429751738,4.741336609141884,6.469061441223673,26.399318420479084,25.050028729369338,5.4407481524043515
95,21454,0.6346947368421053,45.0,0.07794878598912035,0.08292424041395781,4.812922913626111,6.320485604351863,26.4959532970678,25.489253018442355,6.05346955021892
90,20952,0.5713222222222222,47.8,0.10890915809331182,0.06612341741379646,5.165405783854218,6.577335226278223,28.267760944397985,24.203115579844024,6.5326046792041845
1827,25340,0.44017296113847837,103.5,0.4221607667782481,0.3111181851190506,5.445936065337306,6.38986018333839,22.964177886982775,25.881004133320733,12.678501260886648
244,23306,0.5853073770491803,76.9,0.5587648356265098,0.5426600847249938,5.072996533977523,5.054791163393201,21.35910093477576,26.917340615481567,12.738857963099115
103,20388,0.5416796116504854,73.0,0.13084078647859052,0.13084078647859052,6.547416342551933,7.561880522646209,29.066370333195923,22.414998297277435,5.081282598175398
122,25296,1.15172131147541,33.8,1.461817664223187,0.4433848124688634,2.394135648708277,1.9514625293573413,9.504661589922424,15.919863354921358,55.32275282898015
175,24564,0.6141428571428571,57.2,0.16375901372412188,0.141428239125378,6.408001860897883,6.173528727611073,24.654105605954875,26.096301465457085,5.841358455454757
133,21889,0.6032932330827068,63.1,0.13958473541214886,0.12712181260749272,5.749146289787881,6.641491562601261,25.83937785089359,25.600089733044197,6.012113960966126
87,24035,0.639896551724138,60.0,0.2514774299006664,0.19040433978193316,6.65876309029836,6.136049289576261,23.964002802177077,26.760791076143775,5.728296599665894
130,23006,0.6723230769230769,50.3,0.1796297567561383,0.0880986705109723,6.8041921237500285,7.236676506258438,27.219056772156243,23.033797853596027,6.212672478890643
130,23076,0.6473769230769231,52.5,0.19962214379923715,0.1699164676386364,7.227985123397379,7.345619600993358,28.77529438325075,22.043988165258618,4.922824653334759
118,23319,0.6328474576271187,54.4,0.21827628689270984,0.11918153088006857,6.352777331405004,6.607209813059082,26.155659114039313,24.3920402806792,5.392629492741978
321,21673,0.5711464174454829,65.2,0.21054009534302764,0.1450872159617755,6.570923649216202,7.060183922591061,26.76204605700946,23.99993454712062,5.783852774656645
1139,22325,0.5134082528533802,80.8,0.2623244614995246,0.19135663130245636,6.523397153078466,6.973658109485406,26.450137831496722,25.009063361446852,6.993494900576636
213,24495,0.6597230046948357,64.5,0.2113563097330648,0.12809473317155443,6.206189822161813,7.672162879569602,28.435607489272062,22.39949900726582,5.165775933846187
147,22691,0.6259523809523809,61.0,0.21518230723251644,0.15540944411237298,7.3998804542737595,7.958485029614737,28.06281584524262,21.598652393631472,4.923110362440906
271,22177,0.5937970479704797,61.7,0.20880070097378184,0.1367147446852143,6.362828503781405,6.931437555540365,27.582821170899646,23.930673195831442,5.570504415264823
69,22013,0.6500434782608696,51.6,0.14045883218513813,0.10032773727509867,7.274875705081042,7.669498138363097,26.983702316455975,23.033018973089874,5.631730319042204
116,22123,0.6659310344827586,52.6,0.3106876553438277,0.12945318972659486,7.77107497928749,8.476594863297432,29.5696975973488,20.16880695940348,4.242181027340513
153,22827,0.6608954248366014,66.2,0.21756974593787393,0.12164126704708408,7.5289021628410655,7.96206374793556,28.268243717673585,21.769830987865543,4.864661728492736
173,21812,0.6324450867052023,55.1,0.18462157147688119,0.15994443073492182,7.0083079707164595,7.8016323471616715,27.314852896822135,22.518347911125737,5.594399203019751
195,22819,0.6425333333333333,52.3,0.1612208086580363,0.10615033441345954,6.446437977876035,8.035500502817374,28.29425191948537,22.42565485976982,4.681788433604163
251,26483,0.6612669322709164,54.6,0.26027545819325454,0.17652941956162865,5.653158852378026,6.818976008868645,24.80931207750425,25.387099495113812,6.328549566810058
,21792,,55.3,0.16550918413708054,0.11683001233205685,9.27500486791718,10.294022197702343,29.992860388135263,18.004803011618094,3.943012916206919
179,22041,0.5800223463687151,75.6,0.30339805825242716,0.1810756665125597,6.062182154415164,7.441439358915088,26.25308213900447,24.150485436893206,5.950454615503159
112,24082,0.6461696428571428,60.9,0.2777355570601484,0.14923104558455735,6.394826657086402,7.784886211327742,28.65097898329441,22.64304762957538,4.778156996587031
162,23845,0.6945123456790123,64.2,0.18309320866404175,0.11998826781381376,6.724675809476406,7.533485614739892,27.439094844059692,23.097297153167247,5.816320182026646
135,21926,0.6506814814814815,81.0,0.16393069374558866,0.1377473190501127,7.078618428542155,8.17490494296578,28.2996744154277,20.90230186015801,4.654948657817445
202,24033,0.6202623762376238,54.7,0.2362462388162148,0.1396726074082351,5.883010224034862,7.066635805671506,26.772445388010503,23.70443680014047,6.203858156481208
,22382,,56.5,0.18543701322784029,0.14834961058227222,6.935344294721227,7.599385408756159,27.510022429048263,22.840541829291983,5.976370026314395
135,24672,0.6403629629629629,69.9,0.18623697208758921,0.1272426517368622,5.765248875059283,6.930097514141285,27.814086918298653,23.014725445060094,5.813832432995176
77,19755,0.5500129870129871,71.8,0.1652853533564733,0.1204221860168591,6.365847323557886,8.13440060447215,29.3712072914453,22.516587565818988,5.813321999480531
,19340,,70.8,0.14626416934140496,0.15438995652703857,5.63117051964409,6.931296469345467,27.778003494088487,25.315889976841504,6.22841587778816
166,21000,0.5342650602409639,99.2,0.29767274039328884,0.1961933970773949,5.959092549161104,6.857748511636299,25.440871369294605,25.133050694569725,6.876916832040411
161,21795,0.5290807453416149,102.7,0.35570895259561874,0.3075767180859806,6.0177032706440325,6.854734568336034,25.999624333779437,26.34007184616468,7.707027306238406
73,19076,0.5533698630136986,101.3,0.1039706901673433,0.09406871967521536,6.433805327260125,8.510743637983959,28.178532527973065,23.103772650757502,5.735716407565105
123,23520,0.6495934959349593,68.3,0.19148936170212766,0.11639549436795996,5.966207759699625,7.438047559449313,26.86357947434293,23.826032540675847,5.072590738423028
188,21539,0.6207180851063829,68.3,0.2065212734050302,0.12596940742962423,6.7243669394575605,7.847808389391147,28.744162132053646,22.310296070954198,4.687433051973092
170,22731,0.5919764705882353,68.2,0.13514050637942684,0.10433642036646926,5.923327636233554,8.32505266505028,29.120791764378552,20.704320521483368,3.773997376684288
320,23224,0.627296875,63.2,0.14347273768899294,0.12304779933743494,4.764490497421974,6.868259147632451,27.034149500585347,24.059082870451093,4.996139188482327
,22286,,64.0,0.18866489159376187,0.0791175351844808,6.96538607835679,8.205401293267402,27.555724610117917,22.632179535945227,4.806390262457208
134,21955,0.6295746268656717,75.8,0.43146877185496013,0.1623934663300262,4.928700970804736,7.451133790879888,26.576816850989175,24.159880516340102,4.749712551711059
,20824,,61.2,0.16770878774659492,0.15413697833357567,6.877999127526538,8.779991275265377,30.040230720760018,20.852115748145994,4.016286171295623
131,24562,0.637030534351145,58.9,0.21090220608500795,0.11983079891193635,6.020299337335682,7.495416471941619,27.631783921103402,23.27114114869804,5.066446177996669
352,23721,0.6537357954545454,59.4,0.1816483062816418,0.14818677617712883,6.42331008408839,7.28374942963301,28.880777002802947,22.771657649436154,5.022271472959173
140,24081,0.6255071428571428,58.7,0.1621541377853399,0.15758641559420355,5.515524545797124,7.14734329858058,27.863105365931645,23.391305340809172,4.732160190017243
89,22779,0.6007977528089887,61.6,0.16644536290699632,0.10472966654822241,6.422172766546352,8.72248508537338,28.57249724149539,22.01193170129603,4.510856352041293
,22230,,62.6,0.1166763896991416,0.09445231547073367,7.2117120871183715,8.4118120954524,29.23021362891352,20.935077923160264,4.3086923910325865
,22588,,111.2,0.26669511414550884,0.21376639149201554,6.170914641151466,7.679998687039438,26.834041784969887,24.193760154929347,7.340680441811228
,18640,,119.2,0.20069653503335103,0.1416681423764831,5.837908033764241,7.884225645868996,29.006552151584913,23.72547862188379,6.085827282923086
611,26736,0.5143911620294599,86.8,0.3639915620137897,0.4556258014018766,5.260378054872365,6.052950590690853,21.279506702344626,30.892511128151117,11.234739558310238
493,17797,0.4721703853955375,74.2,0.11942606753157488,0.13231377266088154,6.411203711659078,8.721539651172781,30.027923361113494,22.62694389552367,6.149583297534153
574,21061,0.5087857142857143,65.2,0.23900589981612294,0.3739175395404101,5.816266782631325,6.959933982324521,25.928031146098345,26.889875805960084,8.5257992829823
221,21983,0.5407737556561086,73.0,0.18157324430387162,0.23177782798236146,6.121612236530528,7.503911773811615,27.799951468902446,24.673879391855145,7.032825430295119
257,21422,0.541420233463035,71.1,0.23141327392288621,0.20194760860972366,6.217255381077293,8.031909159509864,27.862301915268244,23.81760034496389,6.67289518128571
168,23762,0.5623035714285715,51.5,0.285814093810537,0.2275927043306128,6.185228704203585,7.101950945832937,26.113881037822733,25.58036139604306,7.5010321064498715
209,19304,0.5350047846889953,63.6,0.12073406310367032,0.13414895900407814,6.240609572869714,7.65722257995278,28.51738570508693,24.2729126421979,6.571510338413107
109,22649,0.570605504587156,49.6,0.20901665701974406,0.21223229789697085,5.161103607949064,6.236735481381439,25.178468068686087,27.80564666538041,7.735224130169143
154,23761,0.6213311688311688,50.7,0.2748602184250405,0.20274860218425042,6.104405079166013,6.957203323404923,25.90270157286931,23.249203114385743,11.688352406333282
350,21304,0.49792285714285717,58.6,0.30756342061019204,0.28518473888668927,5.907971975004734,7.02288937471668,26.813103578867636,25.53522347122044,7.697118888181187
304,21973,0.6378059210526316,61.6,0.17329145456514675,0.16142924190146113,6.087378089977462,8.595978194158633,28.119117245078474,22.29734956909223,5.0667120525238145
480,25973,0.6188625,67.4,0.2716677775757943,0.2565190167444303,5.5797935728857375,6.459431618493607,25.16747796696897,27.402761787419124,7.9100096278791066
447,25721,0.6148098434004474,61.2,0.2696310312204352,0.2055891128738811,5.197219998544502,6.526089804235499,25.048031438759917,26.451495524343205,7.512553671494068
291,24163,0.6498041237113402,53.6,0.23744929743565335,0.1422580423389549,6.1229130639420815,7.590973753655608,27.40133161989074,23.93848529559529,5.658062434886537
453,23005,0.6338123620309051,58.0,0.18703176753727574,0.17066213425189034,5.822713388618577,7.4708219993939755,27.839521867392037,24.21695685034324,6.294298143265638
325,23661,0.5392276923076923,57.4,0.27960216606086197,0.34351123258905897,5.408304754948673,6.2157273365325905,22.49542080125992,30.647821100263055,9.852267345320087
1065,23316,0.4608582159624413,107.1,0.3151906832323446,0.33169387996267424,5.425069374549219,6.788518664911759,24.553700587187816,26.039803265595523,12.0886934765512
161,22549,0.5665031055900621,70.9,0.20393171576743013,0.2565592553203153,5.681581457563564,6.899689716798053,26.309384148146524,25.55944170951791,9.207626607606873
547,21151,0.5379012797074955,74.8,0.3357894450637592,0.2202343728758259,5.544264390005166,7.061434514260856,25.52271676772071,25.989355338644337,7.716699747138313
257,22081,0.6315136186770428,75.4,0.2304388813239761,0.159582006050561,5.836141935563374,7.536706942125336,26.926228750639254,24.331634822149244,6.6494556343538775
466,23461,0.6023369098712447,52.5,0.20271546088375392,0.166732575911418,5.4398284222039335,7.271036627726772,26.42853834671113,25.540010474225923,7.549636786621493
188,22607,0.6936117021276595,52.9,0.2584375647052508,0.11656531108367395,5.529950383055085,7.418768548838564,26.055414535387538,22.49097002277625,9.566024279327296
252,21599,0.6398055555555555,56.8,0.19165048904987253,0.13334904577903753,5.992023866378053,8.035055293336889,27.18583895156639,24.158505498322285,5.967214741581954
267,23617,0.665430711610487,55.2,0.21613102943659593,0.17898350875218103,5.4376090504868575,7.0360781223616815,27.310744638937358,24.38453312320594,6.403444588281645
283,26935,0.6385300353356891,54.3,0.3198601027094032,0.2357446431733664,5.754161501682309,6.735877457056845,25.289976978926866,25.791902780237297,7.446431733663893
589,24674,0.6233123938879457,51.4,0.2549498680307574,0.18004472517984044,5.92785681405275,7.377747997308863,26.929896957761674,24.416080363684898,6.575037248284672
117,21262,0.5886068376068376,57.3,0.16698854313386674,0.14375535452393745,5.970929472751826,7.2473027720098155,27.114583182075595,24.008596279785674,6.695514542523997
258,17001,0.4768527131782946,78.4,0.1739441427967617,0.1715056735052183,6.689534089800696,8.241213382319472,28.84790454205547,22.727346620281562,6.809019085086322
309,23620,0.47680258899676375,94.8,0.5076969022344093,0.2701381912958488,5.996660603263377,6.889202617218255,24.85271359921809,25.80430592132055,7.8835555072896595
363,23958,0.6207162534435262,63.9,0.2227942481803657,0.14956506302148057,5.031954553523877,7.27010473992544,27.475590271613704,23.723149298775077,5.331084679566838
217,24894,0.646594470046083,58.5,0.2544347912850739,0.12757374689083537,5.49707435625147,7.511171611634156,27.334278851978816,23.13147222954722,5.450035991476078
605,21222,0.586606611570248,58.3,0.16286415495200016,0.146521385077924,6.137837175293114,7.414263856837336,28.066453083570725,23.881858680124093,6.461874853830831
445,23568,0.6151797752808988,65.9,0.22574930138262317,0.13260031780241457,5.544738908878377,7.404796259429052,28.605504922284524,22.912458219941186,5.126481708096656
276,24320,0.6252898550724638,65.6,0.2109166763240236,0.1442809131996755,6.245799049716074,7.55475721404566,28.508517788851545,22.12597056437594,5.57886197705412
333,22271,0.5176066066066066,86.3,0.6097596351885265,0.20596067601515405,6.135307461578181,7.083886913084594,26.646089938095763,25.18986093303087,7.255037333998596
357,25949,0.6419663865546219,67.8,0.28187204928833853,0.1688614289080294,6.4472777094187155,7.369688719009345,27.86562644535784,23.281933136110165,5.82331945789809
243,23636,0.66819341563786,59.2,0.2580510066452753,0.163822357440676,6.278214705828011,7.40033626694422,27.271495525678844,24.47974084042101,6.17967494195392
139,23146,0.6426043165467626,52.0,0.1992790130091131,0.09180269138622063,6.046662636304606,7.128143122634961,27.680750542979332,23.151071404581177,5.52607420344372
343,23185,0.6310495626822158,49.7,0.24162624162624163,0.1690921690921691,7.162393162393163,7.839223839223839,27.562023562023562,23.229845229845232,5.253869253869254
304,23511,0.6654703947368421,55.0,0.24221094101422122,0.15669564959491455,7.015219744640465,7.919803463122148,28.61351537050859,22.349149543012214,5.685531109276679
305,22648,0.5984262295081967,65.2,0.3473591935130397,0.20326539557308787,5.625684856454087,7.053473591935131,27.488494411571335,24.015998246767477,5.962086346701731
358,20794,0.567963687150838,57.5,0.2837737482233403,0.22967476675961854,5.685802951837152,6.434336131726101,25.13192774343312,23.763223512400963,14.22458946250203
582,20074,0.5002920962199313,68.4,0.25620771370676926,0.2582683655596387,5.939485523920734,7.229797025792492,27.104097262767457,25.151629632173645,7.748394408764639
187,19977,0.5278074866310161,64.2,0.22492401215805474,0.1833839918946302,6.176291793313069,7.433637284701114,28.16818642350557,24.149949341438703,6.556231003039514
176,19245,0.5534659090909091,76.3,0.18683913355918283,0.13653628990863362,6.511651781131301,8.237347294938917,28.78759880915717,22.632173288163433,6.047633713171132
154,18425,0.5043441558441558,61.9,0.140339131442403,0.13905161647504152,6.710528009888114,8.142244653594098,29.561343650619936,22.867553335307523,6.213547232486578
317,24636,0.6271829652996845,45.0,0.24796672316753599,0.22382391847779615,6.201682954676914,6.954636675938174,26.367966521977497,25.55817661467581,6.886232062650579
259,25126,0.6437104247104247,57.4,0.17994133912344576,0.12355971953143276,5.055152020441336,6.164190473905507,24.350261814648423,27.427858518123095,6.781989071562671
406,24351,0.6234507389162561,49.1,0.1548666448062389,0.16948415974968495,5.436530355047585,6.94331959813686,26.319033189660278,25.93700246127346,6.645043279696273
134,26679,0.667089552238806,60.5,0.20360219263899768,0.17563485848528917,4.274527352052802,5.592348137375545,25.46705448036693,27.17977402394004,6.22217250251706
274,24230,0.6424197080291971,45.2,0.176681456400584,0.1948608988598081,4.5204319890014375,5.5345040136800305,24.337160484709386,27.907716605216365,7.708083602711009
295,23616,0.6446508474576271,51.0,0.29236690995519843,0.19876743158824645,6.326904065793071,7.296552594493407,27.215888774372672,23.84735923269461,5.802115979218812
387,21956,0.6191731266149871,61.3,0.24163258492613304,0.15148985894332692,5.865954427844086,7.019864785911026,26.70812119188715,25.196143894499624,7.310324680744512
158,23450,0.4635886075949367,122.9,0.5433669638346963,0.4000163829235327,6.184553633595915,6.924515679823065,24.60305541523885,26.45978674894535,9.011973186615151
753,24207,0.4519189907038513,97.2,0.3793767172600244,0.4675355206511997,4.755285854919996,5.610426247814396,20.78402562482552,31.990184986555782,12.98020834863868
129,19790,0.44051937984496126,90.0,0.3009132982561107,0.22700476885987295,6.489872771745825,7.811427666426171,26.12138596089887,25.81343375508121,8.114100691572668
273,25132,0.6007399267399267,80.4,0.34755673711296203,0.3573127156985891,4.679211229131352,5.7609053548127465,21.789978170997916,24.510066950403044,16.34370312557164
266,25251,0.6582180451127819,67.6,0.3067064185600219,0.21532275567435433,6.556206664153616,7.31811795346287,26.077470500211327,23.720343145654134,7.725917549090161
298,25447,0.6325469798657718,71.5,0.30132785850322813,0.2578263014657903,6.078016328999093,7.064758964238536,25.393768667207784,24.794295990960162,7.824444692014282
271,22437,0.5872214022140222,92.7,0.3896014126193154,0.24192990944909104,5.722113650502397,7.234018487215418,26.562647278759812,24.172254095527755,9.54586299854842
235,32434,0.7180042553191489,55.0,0.4462724691965318,0.36981941670469565,4.382123024221986,5.11702058305824,19.74977923440269,25.992259869259353,18.124114715138298
416,24982,0.6205985576923077,56.9,0.21265140276330619,0.1572613288194942,5.9112441850105935,6.989994925804415,26.134043978944028,25.109133939396287,6.282706289291124
238,28897,0.8086554621848739,40.8,0.2613530084173335,0.29096955211472514,3.8678166891821677,4.410786656967682,18.358619972981398,25.0867712771485,24.366621635664554
96,22726,0.6498020833333333,64.7,0.24045783171157886,0.1939693175806736,6.816178002917556,8.17396322598227,26.738910886327567,23.351661563617128,5.812667318574566
353,25126,0.608671388101983,56.3,0.22479649633949392,0.24667110364375108,5.75255630384295,6.6349872708402176,24.86910141905697,26.687486328370436,7.370811827181294
183,26461,0.6641475409836065,48.4,0.3496819950797686,0.30278346868083494,5.399090004031628,6.504085108483697,24.85539621026995,26.110137486732654,6.694970338739005
306,25156,0.6243856209150327,54.4,0.24023615370926715,0.2852477206351865,5.750489369942741,6.849085637123029,25.777496310098293,25.390710868723243,6.918696548764275
266,21609,0.581,67.8,0.2898813298306006,0.20252869695754017,5.901802699519884,6.85103464340714,26.676847022892858,24.504031162242956,6.701564582713237
246,23294,0.6626747967479675,54.3,0.1938436246304089,0.14967672281588534,5.691396042154854,6.904145554478647,26.33758235286901,24.920560919653045,6.222625722312873
171,23502,0.6515029239766081,63.9,0.256716364321811,0.1884980297467843,5.567872754853824,6.701553762330913,25.984902205426945,25.34490651395334,6.671932643370704
244,22065,0.5829590163934426,54.2,0.26152613152233517,0.11318738487929023,5.556024240379073,6.5240927433528775,26.530841804811516,24.961685015677507,5.79856863654898
102,22658,0.7025686274509804,52.0,0.15908012614774916,0.0934944601043789,6.356227847394715,7.5437470346906315,27.61714716307108,23.160112751528004,4.960788144344283
198,20365,0.45606565656565656,109.8,0.31893334514567945,0.25248889824032955,5.961174294858307,6.994385444236498,25.43271946047109,25.554534279797565,8.589052169964894
217,23528,0.6534331797235023,53.6,0.2059310977114849,0.12271236644451496,5.866215310836067,6.998836348249234,26.79078952008181,24.222997990056065,5.700483091787439
121,22454,0.6499669421487604,60.6,0.18437047020827504,0.10680772067238004,6.552145055056837,7.276911731047988,28.562164636472293,22.411820054421078,4.663937136027261
231,23479,0.6463203463203463,50.5,0.24581379772270598,0.16275954454119224,5.993302076356329,6.405224380442063,25.116543871399866,25.971868720696584,7.264567983924983
177,22858,0.6682655367231638,55.5,0.2240389574156895,0.12089649400167395,6.2815451079191424,7.115139115511104,26.93709155161773,24.652739616005682,5.720179569337944
153,23124,0.6827777777777778,51.8,0.20676781697219165,0.1081702005456373,5.946489254774327,6.843440386732398,26.77643229789882,24.046331307136363,5.342459196860192
100,21319,0.62541,48.6,0.1343118913992421,0.11352552725412131,7.1569050702739005,7.729329559808766,27.82014998161206,22.829823635694986,4.883196623015302
,21630,,117.3,0.21188435822582166,0.27309539504661456,4.700693725083969,6.1760366638415425,24.701007627836898,27.496311642653104,9.61013278086449
,24102,,82.3,0.1782071423546791,0.17703472694445094,6.200905104696696,7.648838136328464,28.76755692076817,22.459962013740707,5.054282833493564
,22622,,66.5,0.16687923903067003,0.12039145101498337,5.610718415124027,7.217527088076478,26.785309858987045,24.791102952570537,6.1769158332638
,22574,,54.9,0.22012767405094955,0.1540893718356647,6.478757679454084,7.577394889035641,27.62202077204779,23.415581037001463,5.337095515398931
,22159,,60.1,0.13987889936383843,0.1264658542193608,6.244730589407527,7.30819345443397,27.08668659461945,23.99018931555147,5.501264658542194
,23076,,65.2,0.1550876002617103,0.08966001890130128,5.418373034143505,7.383623718709866,27.15486950832384,23.28737247679744,4.764097220539414
,22992,,68.5,0.19413972286374134,0.1450635103926097,5.302396073903002,6.851183602771363,26.972430715935335,24.11229792147806,5.922344110854503
,23678,,72.5,0.20210793565952329,0.14782274632948605,5.810185571831833,7.790342247239806,27.810720072157547,23.058678113881975,5.97888723713441
,24428,,55.4,0.19738535915553393,0.10012300826729983,4.891724118202363,6.589524272677862,25.983350974053838,24.46005091970135,5.239293989758846
,22707,,56.7,0.17120505867209856,0.12246785218880045,6.2358630859399415,7.244348358555879,27.085390085102663,23.72127316579398,5.915947063895728
,24601,,70.5,0.18609967322655804,0.1626540451035271,4.816611227525168,6.196239907389769,24.49408730565772,26.670867341705378,7.1179461629764225
,21546,,99.8,0.23882993071958208,0.17764209722944121,5.128593140383312,6.941858399510497,25.52585350448382,24.835023126369325,5.9799593396977455
,23272,,63.8,0.1703394718135118,0.11400673310353153,5.480370723070939,7.371541236905991,26.637337875719247,23.513553388682485,5.358316455865982
,22609,,61.6,0.181721814189445,0.08328916483682895,5.5455440296812295,7.402135231316725,26.089195123797985,23.510259710759446,4.998864238661316
,22925,,64.3,0.1316816230979321,0.138997268825595,5.418454935622317,7.025458447132267,26.30462348809988,23.931915723761218,5.36480686695279
,22429,,103.1,0.1929284309724335,0.2597113493859682,7.134641783845955,8.6335472860164,27.069342930286055,22.88428004303788,6.459392275442437
,19872,,99.2,0.27978833404294146,0.19260791111651765,6.9318573484986725,7.7975792226750205,25.785130669261804,24.795734241631692,7.868540032033737
,22013,,102.6,0.30830612985128764,0.23213638012332247,7.352194414218354,7.769314472252447,25.676459920203122,23.170112441059125,8.186434530286544
,19877,,109.4,0.46153478250472296,0.3048999210847263,6.763995504220771,8.398498218427912,27.473276418681397,23.882631465671857,6.9026950761651955
,22994,,89.6,0.3794707329462267,0.3316633965120564,5.871338505821539,6.715934782825214,24.86877882134996,26.180492614762507,8.707907134248977
,26900,,73.3,0.2881494737480664,0.20928751251175345,7.109709120689132,8.10458309320877,26.364160271770455,23.41896933482969,6.412084078983288
,20268,,84.6,0.199982610207808,0.15216068167985392,6.634205721241631,7.886270759064429,26.297713242326754,24.04138770541692,7.247195896009043
,24936,,107.5,0.23172601806099846,0.21468734026239564,6.638268870335661,7.960470267507241,26.2634179587664,23.554268188788548,6.907479979553586
,22281,,91.3,0.22846947212672442,0.4112450498281039,6.8497323643326515,8.314112885678227,28.665303102833022,22.927455502850428,5.955437573436615
,20942,,75.3,0.1885280671159919,0.12725644530329452,6.211999811471933,7.955884432294857,27.214026488193433,23.278503087147097,6.164867794692935
,23726,,47.1,0.24640946212334552,0.17483338026846898,6.5239838543133395,7.7466441378015585,26.755374073031067,23.915798366657278,5.557120060076973
,27069,,62.6,0.2643113587806436,0.18171405916169248,6.834651219136142,7.807096759983261,25.115085570802403,24.15145040858131,5.996563952335852
,22548,,51.8,0.196074508313159,0.11604409675676758,6.554490706468457,7.854984894259818,26.948240331325902,22.934715191772874,5.4180588623677
,24083,,65.2,0.16514978000120548,0.14465674160689532,6.489060333915979,8.370803447652342,26.81092158399132,21.84557892833464,7.437767464287867
,22101,,62.0,0.18400607512121034,0.09346340323617033,6.470880308429231,8.268590455049944,27.305917401717387,23.37315263742041,5.439862141480226
,21992,,41.2,0.10547410610695074,0.11391203459550679,6.929648771226664,8.231199240586436,29.01381710790001,21.36905389726822,4.53960552684316
,24979,,58.0,0.23511585987094752,0.13584471903654746,8.101047571775648,8.517725123435827,26.898560568457903,21.47391520154654,5.539590898403825
,27213,,52.8,0.2077392676210914,0.16070396174461787,6.972004193981441,7.636377889486629,26.01346385630714,23.654839247043142,5.502150885341643
,26173,,47.5,0.33259501956649423,0.19672641582869232,5.765923871122968,7.09984219427795,25.001946034688956,25.18239652402822,7.006432529208212
,23804,,42.6,0.11333472516329149,0.11035223239583644,6.527185421575353,7.914044558441946,27.110859256166304,22.638611351367473,5.295415908616421
,26125,,74.8,0.8823328464018584,0.8449182898619565,5.363295344002447,5.056495980375251,18.96364931824171,29.59328750321277,16.191393350619943
,26594,,66.7,0.7510604350702417,0.6035724014476398,4.742187804023816,5.405300229598786,21.137097715686657,27.944117990426896,13.794217223800443
,26372,,55.9,0.39559833122887417,0.27592908622484025,5.585764458534157,6.286384399209403,23.543049436294872,27.12352925298198,8.948800158359301
,25261,,58.4,0.2833679270823933,0.1834972776223566,5.545227566705773,6.583641668922781,24.619318352735913,26.341786240712327,7.165418283548417
,26921,,57.7,0.3970111631256752,0.30668587204417236,6.038890889449046,6.517224822950427,24.376725483135278,26.691273556595846,8.372944424438842
,26101,,53.8,0.36660675867629716,0.2671368878740953,6.451977528851914,6.857769388147261,25.06791456140946,25.56451035579318,8.293300478133583
,29438,,97.4,0.3231995277449823,0.275974025974026,6.217532467532467,7.5088547815820545,26.427095631641084,25.488488783943332,7.98258559622196
,25809,,51.0,0.31615244117189356,0.22400956647801265,6.24073452204467,6.985248949571228,24.587404683315178,23.2793853865496,12.101430876463024
,25655,,52.3,0.31111642934067246,0.17949024769654182,6.4963503649635035,7.3926050017949025,26.05480435563001,23.273902117984925,9.291611822424315
,24693,,56.1,0.31698171556689475,0.1932815338822529,6.737021144999806,7.873516564227454,27.192392438826396,22.513433066604815,5.62371950983803
,24229,,57.0,0.20154517971111857,0.1791512708543276,6.496472959355056,7.756130332549546,28.467136938752656,22.041204792296494,4.829246444966969
,23885,,64.4,0.22948051793633994,0.15457236959442588,5.587196651724671,7.019963616042234,27.097725408130508,24.579384801969013,5.926066846604758
,25667,,53.1,0.27161633585189865,0.25169456524379874,5.2860717669638735,6.4318165253516675,25.536794538519477,25.74427249095017,6.695172614853867
,31316,,76.1,0.41034993730764846,0.316311410007979,6.220791063490254,7.443291918385957,23.529579391314257,26.270944944716746,8.999202097344124
,23053,,96.4,0.5197277952117344,0.2982969570889602,6.690173125066112,7.317090370579317,23.896195479708048,25.663411022178344,8.618172842988612
,25023,,56.3,0.32849165202736474,0.18316980161960666,6.624819686647529,7.781681591613465,26.373594984075293,23.513932330719683,6.107088278560921
,24661,,55.7,0.25949392099266305,0.16333627514258994,7.475269043824176,8.091731759684919,26.477600537429037,22.123503299656203,7.758473069273022
,23961,,118.9,0.477609973813798,0.24374577973945555,7.042276717337242,7.144386435876744,23.911790378629423,25.27709613135921,7.832803570546288
,22488,,82.3,0.28527683630605755,0.2643390868524019,6.652969888899067,7.377285159061466,24.409490034939868,25.81559077168693,9.53845348548098
,23344,,47.9,0.19309525325185137,0.16869310586288114,6.032635219725423,7.262291255543531,26.422220807604983,24.512487533685572,6.139792475650901
,26184,,53.4,0.34440337430268947,0.5966823892240011,6.265306816635675,7.0907410766928205,25.074549866207086,26.184577531860853,7.345854687287405
,23358,,107.6,0.30438703858790184,0.25929266250080524,5.693164980995942,7.447014108097662,25.975971139599302,25.360755008696774,7.327836114153192
,25116,,44.9,0.4351916078334489,0.13397820241160763,5.428492697712869,6.7473703214526655,24.567421442213586,25.756121663610188,7.807793540540284
,26667,,51.7,0.3325196677826228,0.20555761281107593,6.228697958782676,7.386470983880352,25.38258654957944,24.79689849837141,6.477331983101956
,25774,,53.2,0.2712137138111366,0.1596138124343053,5.114130364256887,6.42348269552692,25.032117413477632,25.61477271252644,7.1449890346608536
,22653,,122.5,0.49389329333619025,0.3053353331904864,8.225841011356332,8.77651596314549,25.950289265052497,22.186629526462394,6.76558817227341
,25729,,55.2,0.4109709739949148,0.1969891498627999,7.307479294111724,8.388716864285174,27.39722578858596,21.66377161845782,4.564106437076757
,24664,,55.1,0.3284559601895547,0.16917460600124656,7.798850404139336,8.795100861702233,29.163327694179802,20.104077009072114,4.280810059458443
,24532,,65.1,0.2613144777004326,0.17420965180028838,7.3629196952063065,8.630697497383196,28.026526713366568,21.57930565010211,5.225923567345206
,26174,,50.0,0.21085139236462383,0.15228156115222832,4.8996326074223955,6.383046696129066,25.294712741600556,25.978382407752516,6.41392897076833
,25619,,55.5,0.23049860487686522,0.21685066116705082,4.703991265316025,6.301558898459299,24.57918840228072,26.59226009947834,6.673844474099236
,27065,,46.7,0.2603051542674269,0.22424556579748034,4.233621058799667,5.9363097518649575,23.40943408983345,28.35410515877488,7.13529106849068
,25582,,72.5,0.33629908781212176,0.22149568863321561,6.112657074759474,7.636921771466364,26.975055217939282,23.874739508591535,5.5192982018293675
,27260,,68.5,0.4069324901926343,0.21444463961590257,6.305257919081914,7.808566075297149,26.75873880203759,23.450582586802508,5.094706950055624
,25499,,55.1,0.35715946612100635,0.2064828163512068,5.456912988885272,7.451053341394225,26.211226340510624,24.178951774171047,5.064409617262707
,25385,,56.5,0.3119639853676679,0.28476427845838725,5.417182443421834,6.409139101521519,24.985428728441455,25.886904728863332,7.080250237303565
,24284,,59.1,0.32838117598534183,0.2792033187121747,5.885479047853228,6.8222379097824275,25.694637233983485,24.80071069935672,7.097475272262896
,26261,,46.7,0.24832303859939558,0.17335759298448372,5.021123076082119,6.301001881945041,24.278652808471097,26.794680576921575,7.071740369673353
,26665,,81.0,0.4319006628475451,0.31492756665966826,4.452475930535977,5.671695510032693,23.579076812333163,28.761884766503705,9.113403917099067
,25042,,47.3,0.2525726439585875,0.1344968878045729,4.959963717118638,6.387820212067186,26.64054924775578,24.870194864095588,5.708298145194083
,25431,,47.3,0.2802955289816437,0.12719932972808287,4.957727168862823,6.762129636682154,27.165054459593268,24.064285170233834,5.0369411227054615
,27418,,60.8,0.35659778229452227,0.28571221907978966,6.184403729448611,7.406818033865939,25.44068397335281,24.1343643083956,6.884579496712501
,25013,,60.4,0.3438468631611692,0.17775605203808426,5.765961937985358,7.3890968881581145,26.776171801224297,23.619890902223062,5.556543089177989
,23918,,51.9,0.19801980198019803,0.14590932777488275,5.310636326790574,6.8229980892826125,26.467488854148574,24.44328643390655,5.60245498234034
,24467,,77.0,0.920570992093803,0.6547164383425754,4.517543424563771,4.569127143948338,17.553344509805864,20.8179987500868,28.193478627476264
,33026,,72.7,0.7693409200209661,0.7548862267036274,4.45839479955258,5.3464803497225235,18.63304532019172,26.715785605827268,19.86277497689951
,23440,,106.0,0.329919384915512,0.21803368046590355,4.943053045299366,6.730355452276444,24.809937745646497,26.35625555842442,7.028717330808733
,24314,,62.3,0.3124736086479183,0.17875742476705234,4.789854460490386,6.578836246938604,25.880415505447175,25.037299777608872,6.046786588970527
,24242,,76.2,0.2574673185085286,0.20229575025670102,4.441311244272119,5.743973272440269,23.907679575791942,27.38961854990728,6.649706517907772
,27148,,66.5,0.3478933127174333,0.27681833485043084,4.760776587652905,6.431662032245596,23.423569460204245,26.57206628676883,6.688529496115815
,26586,,64.7,0.3362962001773395,0.21626765284716362,4.919007764008737,6.598326088366963,25.03946884664461,25.983477151322475,7.000583922662687
,28671,,53.2,0.4704522944866293,0.3230674904494647,4.637315474225345,5.911899259538744,22.809272272791585,28.289628826109514,6.8811017308871385
,25196,,59.0,0.2744217541608753,0.12473716098221604,6.189339130641387,6.287940886465424,25.192154626560697,26.020171780890266,4.965726980053934
,26348,,56.0,0.34976010044392625,0.19169543966638267,4.609658759696875,6.322586431101744,25.026904623111072,25.847495627998747,6.415631586027533
,25431,,61.4,0.5765194357625363,0.20256088283548573,5.020943512094076,6.859573063985408,24.761005655206546,26.00111820939846,6.125404434341861
,27234,,55.5,0.35619312498475203,0.2577927411419324,5.194076459537925,6.605024112160172,24.939211333121893,26.157424349622254,6.707490627566745
,26013,,69.5,0.2638522427440633,0.1810373052404522,5.1788224871444255,6.7638618723879596,23.717812915278394,25.944186583980123,6.184157309862681
,27292,,61.5,0.5579961087113472,0.23127470295272942,4.9730179513221815,6.554006926004331,24.330343485762533,25.524650946513137,7.447290170213286
,31492,,71.7,0.4038073262186328,0.2641446419625643,4.443398661059918,5.759567652907868,21.00253518133378,28.806946700469084,7.966845293215734
,24731,,52.6,0.31201667675341266,0.15600833837670633,5.356734584089839,7.072826306233609,26.86302198910631,23.912312554636543,5.788447313563312
,32819,,46.6,0.6457734353592651,0.7345212728975555,3.6345715769713673,4.805470465783005,17.52585752086801,34.207997120807484,11.711442745375502
,24543,,50.2,0.22107250871240616,0.18269186483872454,6.305172175568417,7.494972135652548,26.967775611403656,23.67625159279672,5.078526797365552
,26393,,66.3,0.38329320732569144,0.1605040305676333,5.6811240073304825,7.082539796615042,25.306934013678777,25.15960568711296,5.980571825553679
,26382,,59.6,0.4219236201046605,0.20978979999648398,5.016789044049998,6.51051586022608,25.010694591759595,25.307213135888706,6.5075858350864655
,36546,,61.5,0.670348810560572,0.4262730897923638,4.628271531374616,5.793647155887611,20.328184443324012,29.4094055094651,8.124398404913599
,25634,,65.1,0.39333821061238544,0.18332831260489735,4.902526143650213,6.361406377759607,25.34922752506778,24.992899255497697,6.100615397856866
,26400,,56.0,0.34821001843464805,0.22531236486947817,5.717016773253829,7.353376271649332,25.605953708550487,23.934318031816836,5.3505996950317485
,26021,,110.7,0.34155192656633576,0.3041946845981428,4.715017611271214,6.337389262461309,24.9919948767211,26.021987405272707,7.495463763475291
,21778,,81.3,0.33212138162494753,0.24122500349601453,4.838484128093973,6.044609145574046,22.468885470563556,29.090337015801985,8.78898056215914
,23852,,80.1,0.21766733176129147,0.2140395428986033,4.567386178124433,6.551786686014874,25.906040268456376,26.32686377652821,7.748957010701978
,24655,,62.5,0.2213861588861589,0.16763923013923013,4.761721949221949,6.27175470925471,25.625767813267814,25.897061834561836,5.7829135954135955
,23107,,35.7,0.1427022090301958,0.1312860323077801,5.43029472762905,6.058184447361912,24.83779515573568,26.68911848088742,5.793709686625949
,24684,,55.8,0.29040419777398324,0.1582889833360338,4.887016564256603,6.478630987249636,25.68643824860095,26.075305672229632,5.287101317413034
,25256,,55.0,0.3193914945860372,0.24369755656275674,5.244112950125079,7.039536236165087,26.204872104937643,24.460219143181543,5.992744459111427
,23498,,49.7,0.24292576658751988,0.147322722962754,5.474449694775529,6.457907233702424,26.463235927937244,25.529930805338097,5.557514634318358
,23138,,51.6,0.31245618603160613,0.1321930017826026,4.5866965770024235,5.57614116610251,23.828790033448836,27.788571314118617,5.968714322911451
,24650,,43.6,0.2584543700629755,0.17108951257689928,5.9068350866974875,7.383543858371859,27.96282139953648,23.731692815453872,5.4190479657335615
,24570,,43.2,0.21340037418147803,0.1183933582787652,4.788353601496726,6.773269410664172,26.846059401309635,24.22825070159027,4.886283910196446
,25427,,46.5,0.3834344773903392,0.3185677424934773,5.215285485707696,7.371744050278926,25.44938232453548,21.300794257131734,11.68466117942139
,23172,,77.6,0.42915044107128664,0.2463641420964794,4.518000476833824,5.892871334339982,24.835094969403162,26.86958594929667,7.700866248112533
,23749,,80.1,0.4807174114553019,0.3535320873482938,3.5105305136993685,4.415917566664511,18.731811420810967,27.967837202785145,20.03168854685378
,22484,,92.2,0.19129237126023416,0.15303389700818731,4.893258856836789,5.696686816129773,23.873287933277222,28.20414721860892,7.808554594842758
,24038,,43.6,0.27451316805353004,0.1401160961939893,5.278659460696005,6.253753109719481,26.980927053844617,24.285836836235738,5.075634096823082
,23560,,43.1,0.20529016975917883,0.09474930911962101,5.265354463933225,6.140657605324009,26.318876543906157,24.314477468839886,5.6375838926174495
,24923,,52.0,0.28383492521174986,0.16219138583528564,4.369030455938007,5.75892052622094,24.71503874571995,27.06456118219499,6.067534690935304
,23054,,48.3,0.18826579426560908,0.16048887380019136,4.930403382611647,5.569272553316256,25.712169377488348,26.278509922533257,5.561556742075862
,24944,,46.3,0.30158591219791675,0.1862034391934367,4.215041100032625,5.488227009047578,24.417318511327377,27.766593193229834,5.75241308516818
,23450,,52.6,0.18416943588101053,0.1541418104656284,4.651279176842695,5.7072506706169674,25.12511510589743,27.023861952996757,5.703246987228249
,23484,,45.8,0.15592302326535637,0.08411636781420541,4.823355627590169,5.0798079684871364,24.76919289319273,27.128554429444833,5.968158877354233
,23298,,96.6,0.5075770516606066,0.23670660582249445,6.310549305741965,7.00358720320164,23.92200883379292,25.886429634690938,7.989458015080896
,21791,,82.2,0.33068282216332195,0.2271866717152594,4.81888173671589,5.611510791366906,23.35226555597627,27.936387731919726,9.153098573772562
,25213,,75.0,0.334888171271379,0.1674440856356895,4.847904955547582,5.649244508232668,22.42953394729498,28.975800342861703,9.643981979826973
,20825,,95.3,0.2658754623921085,0.16569050554870532,4.37731196054254,5.363748458692972,21.104346485819974,29.519882860665845,11.90274352651048
,23794,,52.6,0.2553393638289028,0.11777280734743968,5.907444429049306,7.0723065655865875,27.398507551315294,23.445695849250807,4.902911660497615
,23428,,57.5,0.19641679644205,0.10943221516057074,5.227492739593417,5.749400227282293,25.421945368071047,26.24408995889277,5.5768340418367774
,23959,,47.6,0.25346371872377593,0.15242074977308148,5.581339590005309,5.954684797314655,25.565583737219775,26.31056155914439,5.997499614666644
,25135,,55.3,0.36544252000926475,0.20588310986437452,5.655351674087037,6.83917955580719,26.835576601384563,23.905602594127185,5.207555910132022
,22701,,61.9,0.16357602352978184,0.111672092986678,4.784598688246119,4.864813853630916,21.02109186995706,30.712971264096634,7.79817235250633
,23522,,37.4,0.17262747875354106,0.14385623229461755,5.1412004249291785,5.530718838526912,24.287358356940512,27.81736898016997,5.918024079320113
,24575,,56.3,0.21669130602077805,0.1640373438101217,5.417282650519452,6.205066931286579,24.58940035237652,26.565949087668848,6.383280341845723
,23372,,54.3,0.21171648010090316,0.12162436090902948,5.797427869997072,6.459604946057344,27.885763192864705,24.198743214937274,5.155521520754972
,24806,,57.7,0.18056293149229952,0.14445034519383962,4.637280934678705,5.166224110462029,21.561338289962826,29.833244822092407,7.120552310143388
,22301,,82.8,0.387687969924812,0.25845864661654133,5.607769423558897,7.244674185463659,26.213972431077693,23.735119047619047,7.671522556390978
,25347,,112.8,0.39768228604333117,0.3185057223061974,5.686316850212337,6.7767940689555894,24.78946231915353,25.97171237313755,6.485280357014324
,23924,,62.8,0.32765193283135374,0.23786270123814626,5.384203396238304,6.6570051353139466,25.66081723953247,25.829368954979365,7.216218770675152
,22880,,80.6,0.32327979096193965,0.25319532500151914,5.539103485993235,6.874354351921245,24.272316635945636,26.88650772752132,8.152889465048917
,27403,,69.3,0.4500724692959036,0.22122206117934246,5.213975131588985,6.7320161720955065,24.63574643374781,25.19642993363338,7.918224120833016
,24521,,53.4,0.24964880594019667,0.14288581175998394,6.31266305438491,7.59301625526791,27.89885611077664,22.09271523178808,4.565121412803532
,28371,,57.1,0.4201634698499885,0.3971857800925673,5.2892453470178245,6.446883240510762,24.76885538279737,26.384952895735996,6.237895681288501
,26442,,36.7,0.31887921796178675,0.19211166000156826,5.342533782900755,6.381505005358217,25.467210329595652,25.916777751640137,5.772497974332837
,26644,,58.8,0.3422678177943142,0.20951486471841924,5.161109706317957,6.135534443521295,23.80793266625727,26.881118375898566,7.04042191958964
,24114,,47.1,0.37324574499850705,0.23290534487906836,6.501940877873992,7.844132576888624,28.038220364287845,22.548521946849807,4.438638399522246
,25481,,59.6,0.29976994399646784,0.1545325680291869,5.593381823251923,6.570538888759788,25.380521925034277,25.377036228011065,5.778123765482304
,23548,,54.1,0.34022380599180885,0.1515688993518011,6.446515527750007,7.725176561643393,27.808055725757036,21.761424102679864,4.763133283885324
,24945,,65.7,0.2763512424291274,0.21647513990281647,6.100453676622988,6.993989360477166,24.367270801188308,24.84858254841904,10.036155954217811
,22155,,108.9,0.2860431855443541,0.46045976209578954,6.149928489203614,7.709212683573447,26.713642864617853,24.58924896222137,7.6603760421390446
,24042,,90.9,0.41557713858797163,0.3019549246669157,6.025090275183663,6.73950940107085,24.249782094384262,25.22101855310671,8.232162868883078
,25314,,50.7,0.303187729413468,0.20695117485245149,5.974331241110893,7.031230039431438,25.745407472385217,25.12029569320127,6.442739250036195
,24223,,60.4,0.3533317186453718,0.12680049580418584,6.1077946686802775,7.409993018849108,28.589949992164016,22.047614298536807,4.299819059966661
,23729,,50.1,0.7318377053108928,0.15669069257286117,5.742253027817207,7.607793979390566,28.67070990100835,21.109001419433334,4.580898482865412
,23162,,46.0,0.27335086904946104,0.13581584059690202,6.3334880602403425,7.579899255591658,28.774047140131003,22.043426685233896,4.275620197018928
,24397,,52.6,0.32288575062783337,0.20384201428524837,7.579661459182676,8.225432960438342,28.803691986562736,21.11640194383745,4.492677994846874
,23818,,49.2,0.19046943024796517,0.20703198939996215,6.320982396365701,7.866032557259133,27.37436115843271,22.86224682945296,5.755489305318948
,24222,,45.4,0.23609283969178727,0.1609190001879346,6.258222138695733,7.404623191129486,27.242294681450858,22.802339785754558,5.665053561360646
,23561,,46.7,0.3715241426856982,0.1825702831754462,6.503587569900161,7.992237571176876,29.32742639736486,20.75045323391977,4.416158108418661
,24560,,41.2,0.37456363807906407,0.1905840173601283,5.874139069723559,7.184640060383055,27.05349561279366,23.596565713746582,5.596754410793471
,21046,,107.8,0.2695164600132952,0.22905286279950288,4.907656290644239,6.4965750455215465,24.43784502442267,27.310760426601927,8.762536489493916
,24234,,78.7,0.2667940907099908,0.1632620555090989,4.766455620594911,6.407040178393661,25.249870584955996,26.83072512244654,6.677816270457532
,23166,,84.5,0.34048175627604427,0.23376359386116474,4.278890131110885,5.826303486126639,23.353491208456145,28.486126638886066,8.585730257139954
,26973,,99.8,0.2557160048134778,0.23315282791817088,4.53895908543923,6.595968712394705,25.658092659446453,26.12815884476534,7.603790613718411
,26475,,58.1,0.2889037834839485,0.16756419442069012,5.333163843113689,6.788083296738854,25.817597707259576,25.139251623639264,5.997642545126771
,25710,,51.2,0.2852253280091272,0.19965772960638906,5.02967557136095,6.3447463922030325,24.664101661589253,26.53081040404899,6.812030440217985
,25717,,44.2,0.2125005774472213,0.13396775534716127,5.675921220800419,7.5252921882939905,28.342649481837363,22.494264024268183,4.650374955729046
,25434,,54.4,0.20695068864625704,0.13915649753800044,5.000118937177382,6.587930255239183,26.91310449820405,24.606912628749495,5.352172982230786
,25106,,68.2,0.25829217938573756,0.137331405236783,5.085809391285368,6.2099260593162535,27.0388256800633,25.099815375660512,6.637381426609551
,26269,,63.1,0.3651309501051424,0.18352131523609252,6.037086599120627,7.283502198432422,26.52074173198241,23.788950487478495,5.216975721659338
,25033,,57.6,0.3356842162812312,0.17057569296375266,5.121644524629599,6.889727188234652,25.73178065715379,25.07681373353015,5.526215078453885
,25966,,50.5,0.24680073126142596,0.12390818606540727,5.708917326833231,6.968312004875077,27.723948811700183,23.002234409912656,4.853747714808044
,26021,,51.7,0.27999256269755335,0.16843302599774693,6.172961030722622,7.648390589624963,27.57707998381293,22.237534315494745,5.418293576576872
,25954,,63.3,0.3442016406614226,0.19243549938995963,4.607540694156508,6.389056966859433,24.128832591034886,26.14940533462946,6.292839217164453
